,label
0,entailment
1,contradiction
2,neutral
3,entailment
4,neutral
5,contradiction
6,contradiction
7,contradiction
8,entailment
9,entailment
10,entailment
11,entailment
12,entailment
13,contradiction
14,neutral
15,entailment
16,contradiction
17,entailment
18,neutral
19,entailment
20,contradiction
21,entailment
22,contradiction
23,neutral
24,neutral
25,neutral
26,neutral
27,contradiction
28,contradiction
29,contradiction
30,neutral
31,entailment
32,contradiction
33,entailment
34,entailment
35,entailment
36,entailment
37,entailment
38,contradiction
39,neutral
40,neutral
41,neutral
42,contradiction
43,neutral
44,neutral
45,entailment
46,neutral
47,entailment
48,neutral
49,neutral
50,neutral
51,entailment
52,entailment
53,neutral
54,contradiction
55,neutral
56,contradiction
57,entailment
58,entailment
59,entailment
60,neutral
61,entailment
62,contradiction
63,neutral
64,contradiction
65,entailment
66,contradiction
67,neutral
68,entailment
69,contradiction
70,neutral
71,entailment
72,entailment
73,neutral
74,neutral
75,neutral
76,contradiction
77,contradiction
78,contradiction
79,contradiction
80,entailment
81,contradiction
82,neutral
83,neutral
84,entailment
85,contradiction
86,entailment
87,contradiction
88,neutral
89,neutral
90,entailment
91,contradiction
92,entailment
93,entailment
94,contradiction
95,neutral
96,neutral
97,contradiction
98,entailment
99,entailment
100,neutral
101,contradiction
102,neutral
103,contradiction
104,entailment
105,contradiction
106,contradiction
107,entailment
108,neutral
109,neutral
110,contradiction
111,entailment
112,contradiction
113,contradiction
114,entailment
115,contradiction
116,contradiction
117,entailment
118,contradiction
119,neutral
120,entailment
121,neutral
122,neutral
123,neutral
124,contradiction
125,contradiction
126,neutral
127,neutral
128,entailment
129,entailment
130,entailment
131,entailment
132,entailment
133,entailment
134,entailment
135,neutral
136,contradiction
137,entailment
138,neutral
139,neutral
140,entailment
141,contradiction
142,contradiction
143,entailment
144,contradiction
145,neutral
146,neutral
147,contradiction
148,contradiction
149,neutral
150,neutral
151,contradiction
152,contradiction
153,contradiction
154,neutral
155,contradiction
156,contradiction
157,neutral
158,contradiction
159,entailment
160,contradiction
161,contradiction
162,contradiction
163,neutral
164,contradiction
165,contradiction
166,entailment
167,entailment
168,entailment
169,neutral
170,contradiction
171,entailment
172,contradiction
173,contradiction
174,neutral
175,contradiction
176,neutral
177,contradiction
178,entailment
179,contradiction
180,neutral
181,entailment
182,entailment
183,neutral
184,contradiction
185,contradiction
186,neutral
187,neutral
188,contradiction
189,contradiction
190,entailment
191,contradiction
192,contradiction
193,contradiction
194,neutral
195,contradiction
196,neutral
197,contradiction
198,contradiction
199,contradiction
200,contradiction
201,contradiction
202,contradiction
203,entailment
204,contradiction
205,entailment
206,contradiction
207,contradiction
208,contradiction
209,contradiction
210,contradiction
211,contradiction
212,neutral
213,neutral
214,contradiction
215,neutral
216,neutral
217,contradiction
218,entailment
219,neutral
220,contradiction
221,neutral
222,entailment
223,contradiction
224,entailment
225,neutral
226,contradiction
227,neutral
228,contradiction
229,contradiction
230,contradiction
231,neutral
232,entailment
233,neutral
234,entailment
235,entailment
236,entailment
237,entailment
238,neutral
239,contradiction
240,entailment
241,neutral
242,neutral
243,neutral
244,contradiction
245,contradiction
246,contradiction
247,entailment
248,neutral
249,entailment
250,neutral
251,neutral
252,entailment
253,neutral
254,entailment
255,neutral
256,neutral
257,entailment
258,neutral
259,entailment
260,neutral
261,neutral
262,entailment
263,entailment
264,neutral
265,contradiction
266,contradiction
267,neutral
268,neutral
269,contradiction
270,neutral
271,contradiction
272,contradiction
273,contradiction
274,contradiction
275,contradiction
276,contradiction
277,contradiction
278,contradiction
279,neutral
280,contradiction
281,contradiction
282,contradiction
283,neutral
284,contradiction
285,contradiction
286,entailment
287,contradiction
288,neutral
289,contradiction
290,contradiction
291,contradiction
292,neutral
293,entailment
294,contradiction
295,neutral
296,contradiction
297,contradiction
298,neutral
299,contradiction
300,contradiction
301,neutral
302,entailment
303,entailment
304,contradiction
305,entailment
306,neutral
307,entailment
308,entailment
309,neutral
310,contradiction
311,entailment
312,contradiction
313,contradiction
314,neutral
315,contradiction
316,contradiction
317,neutral
318,entailment
319,entailment
320,contradiction
321,neutral
322,contradiction
323,contradiction
324,entailment
325,neutral
326,entailment
327,entailment
328,entailment
329,neutral
330,entailment
331,neutral
332,entailment
333,neutral
334,entailment
335,entailment
336,entailment
337,neutral
338,contradiction
339,entailment
340,contradiction
341,neutral
342,contradiction
343,neutral
344,contradiction
345,neutral
346,neutral
347,neutral
348,entailment
349,neutral
350,entailment
351,contradiction
352,entailment
353,entailment
354,entailment
355,neutral
356,entailment
357,neutral
358,entailment
359,contradiction
360,entailment
361,entailment
362,contradiction
363,contradiction
364,contradiction
365,contradiction
366,contradiction
367,neutral
368,neutral
369,neutral
370,neutral
371,contradiction
372,contradiction
373,neutral
374,entailment
375,entailment
376,entailment
377,contradiction
378,entailment
379,entailment
380,entailment
381,entailment
382,neutral
383,neutral
384,contradiction
385,neutral
386,entailment
387,entailment
388,contradiction
389,entailment
390,neutral
391,contradiction
392,contradiction
393,contradiction
394,contradiction
395,entailment
396,entailment
397,neutral
398,neutral
399,contradiction
400,entailment
401,contradiction
402,entailment
403,neutral
404,contradiction
405,contradiction
406,entailment
407,entailment
408,contradiction
409,contradiction
410,contradiction
411,contradiction
412,contradiction
413,contradiction
414,entailment
415,contradiction
416,entailment
417,neutral
418,contradiction
419,entailment
420,entailment
421,neutral
422,entailment
423,entailment
424,entailment
425,neutral
426,contradiction
427,entailment
428,contradiction
429,contradiction
430,neutral
431,contradiction
432,neutral
433,neutral
434,contradiction
435,contradiction
436,entailment
437,entailment
438,entailment
439,entailment
440,neutral
441,neutral
442,neutral
443,contradiction
444,neutral
445,neutral
446,contradiction
447,neutral
448,neutral
449,neutral
450,neutral
451,neutral
452,contradiction
453,neutral
454,contradiction
455,entailment
456,neutral
457,neutral
458,entailment
459,contradiction
460,entailment
461,contradiction
462,entailment
463,contradiction
464,contradiction
465,entailment
466,entailment
467,neutral
468,neutral
469,contradiction
470,contradiction
471,neutral
472,neutral
473,neutral
474,neutral
475,contradiction
476,contradiction
477,contradiction
478,contradiction
479,neutral
480,contradiction
481,neutral
482,contradiction
483,entailment
484,entailment
485,neutral
486,entailment
487,contradiction
488,entailment
489,contradiction
490,entailment
491,neutral
492,entailment
493,contradiction
494,entailment
495,neutral
496,neutral
497,neutral
498,entailment
499,neutral
500,entailment
501,contradiction
502,entailment
503,contradiction
504,entailment
505,contradiction
506,contradiction
507,contradiction
508,neutral
509,contradiction
510,entailment
511,entailment
512,entailment
513,contradiction
514,neutral
515,entailment
516,contradiction
517,entailment
518,neutral
519,entailment
520,contradiction
521,neutral
522,neutral
523,entailment
524,entailment
525,entailment
526,entailment
527,neutral
528,entailment
529,neutral
530,contradiction
531,entailment
532,entailment
533,neutral
534,contradiction
535,entailment
536,entailment
537,neutral
538,contradiction
539,contradiction
540,neutral
541,contradiction
542,neutral
543,neutral
544,contradiction
545,contradiction
546,entailment
547,neutral
548,contradiction
549,entailment
550,entailment
551,neutral
552,neutral
553,neutral
554,contradiction
555,contradiction
556,neutral
557,neutral
558,neutral
559,neutral
560,entailment
561,entailment
562,neutral
563,contradiction
564,neutral
565,neutral
566,contradiction
567,contradiction
568,entailment
569,entailment
570,neutral
571,contradiction
572,neutral
573,contradiction
574,neutral
575,neutral
576,neutral
577,neutral
578,contradiction
579,entailment
580,contradiction
581,neutral
582,contradiction
583,entailment
584,entailment
585,neutral
586,contradiction
587,entailment
588,contradiction
589,entailment
590,entailment
591,neutral
592,entailment
593,contradiction
594,neutral
595,neutral
596,neutral
597,neutral
598,contradiction
599,neutral
600,contradiction
601,neutral
602,neutral
603,contradiction
604,contradiction
605,entailment
606,contradiction
607,neutral
608,neutral
609,neutral
610,entailment
611,contradiction
612,neutral
613,neutral
614,contradiction
615,neutral
616,entailment
617,contradiction
618,entailment
619,entailment
620,neutral
621,entailment
622,entailment
623,neutral
624,neutral
625,entailment
626,neutral
627,contradiction
628,entailment
629,neutral
630,entailment
631,neutral
632,entailment
633,entailment
634,contradiction
635,contradiction
636,contradiction
637,entailment
638,entailment
639,contradiction
640,neutral
641,entailment
642,contradiction
643,neutral
644,entailment
645,contradiction
646,entailment
647,entailment
648,contradiction
649,contradiction
650,neutral
651,entailment
652,contradiction
653,contradiction
654,entailment
655,neutral
656,contradiction
657,contradiction
658,contradiction
659,entailment
660,contradiction
661,neutral
662,neutral
663,neutral
664,entailment
665,neutral
666,entailment
667,contradiction
668,entailment
669,neutral
670,contradiction
671,entailment
672,entailment
673,contradiction
674,entailment
675,neutral
676,entailment
677,entailment
678,neutral
679,contradiction
680,neutral
681,contradiction
682,contradiction
683,entailment
684,contradiction
685,neutral
686,neutral
687,neutral
688,neutral
689,neutral
690,neutral
691,entailment
692,entailment
693,entailment
694,neutral
695,entailment
696,neutral
697,entailment
698,contradiction
699,contradiction
700,contradiction
701,neutral
702,contradiction
703,entailment
704,entailment
705,neutral
706,contradiction
707,entailment
708,contradiction
709,entailment
710,entailment
711,contradiction
712,contradiction
713,contradiction
714,entailment
715,contradiction
716,entailment
717,neutral
718,contradiction
719,contradiction
720,neutral
721,contradiction
722,neutral
723,neutral
724,contradiction
725,neutral
726,entailment
727,entailment
728,entailment
729,contradiction
730,neutral
731,neutral
732,neutral
733,contradiction
734,neutral
735,contradiction
736,contradiction
737,neutral
738,contradiction
739,contradiction
740,entailment
741,contradiction
742,contradiction
743,neutral
744,neutral
745,neutral
746,contradiction
747,entailment
748,neutral
749,entailment
750,neutral
751,contradiction
752,entailment
753,contradiction
754,contradiction
755,neutral
756,contradiction
757,contradiction
758,contradiction
759,contradiction
760,contradiction
761,contradiction
762,contradiction
763,contradiction
764,neutral
765,neutral
766,neutral
767,neutral
768,neutral
769,neutral
770,neutral
771,neutral
772,neutral
773,neutral
774,neutral
775,neutral
776,neutral
777,neutral
778,neutral
779,neutral
780,neutral
781,entailment
782,entailment
783,contradiction
784,neutral
785,contradiction
786,entailment
787,entailment
788,neutral
789,entailment
790,entailment
791,neutral
792,contradiction
793,entailment
794,entailment
795,contradiction
796,neutral
797,neutral
798,neutral
799,neutral
800,neutral
801,neutral
802,neutral
803,neutral
804,neutral
805,entailment
806,contradiction
807,neutral
808,neutral
809,neutral
810,entailment
811,contradiction
812,entailment
813,contradiction
814,contradiction
815,contradiction
816,entailment
817,entailment
818,neutral
819,contradiction
820,neutral
821,contradiction
822,contradiction
823,contradiction
824,entailment
825,neutral
826,entailment
827,entailment
828,contradiction
829,contradiction
830,entailment
831,entailment
832,entailment
833,entailment
834,contradiction
835,neutral
836,contradiction
837,contradiction
838,entailment
839,contradiction
840,neutral
841,entailment
842,neutral
843,contradiction
844,neutral
845,neutral
846,contradiction
847,contradiction
848,entailment
849,entailment
850,contradiction
851,contradiction
852,entailment
853,neutral
854,entailment
855,neutral
856,contradiction
857,contradiction
858,entailment
859,neutral
860,neutral
861,contradiction
862,entailment
863,contradiction
864,neutral
865,neutral
866,contradiction
867,neutral
868,entailment
869,entailment
870,contradiction
871,contradiction
872,neutral
873,contradiction
874,neutral
875,entailment
876,neutral
877,neutral
878,neutral
879,contradiction
880,contradiction
881,entailment
882,entailment
883,contradiction
884,neutral
885,neutral
886,entailment
887,entailment
888,entailment
889,neutral
890,entailment
891,contradiction
892,neutral
893,entailment
894,entailment
895,neutral
896,neutral
897,neutral
898,neutral
899,contradiction
900,entailment
901,contradiction
902,contradiction
903,entailment
904,entailment
905,entailment
906,neutral
907,neutral
908,contradiction
909,neutral
910,contradiction
911,entailment
912,entailment
913,contradiction
914,contradiction
915,neutral
916,neutral
917,contradiction
918,neutral
919,neutral
920,neutral
921,contradiction
922,entailment
923,entailment
924,contradiction
925,neutral
926,contradiction
927,neutral
928,contradiction
929,neutral
930,entailment
931,contradiction
932,entailment
933,contradiction
934,entailment
935,contradiction
936,neutral
937,entailment
938,entailment
939,entailment
940,entailment
941,entailment
942,contradiction
943,neutral
944,neutral
945,neutral
946,neutral
947,entailment
948,neutral
949,neutral
950,contradiction
951,neutral
952,entailment
953,contradiction
954,entailment
955,contradiction
956,entailment
957,entailment
958,contradiction
959,neutral
960,neutral
961,contradiction
962,entailment
963,neutral
964,contradiction
965,neutral
966,contradiction
967,entailment
968,contradiction
969,entailment
970,entailment
971,contradiction
972,neutral
973,entailment
974,contradiction
975,neutral
976,contradiction
977,entailment
978,contradiction
979,contradiction
980,contradiction
981,neutral
982,neutral
983,entailment
984,entailment
985,contradiction
986,contradiction
987,contradiction
988,neutral
989,neutral
990,neutral
991,contradiction
992,entailment
993,entailment
994,neutral
995,neutral
996,neutral
997,entailment
998,entailment
999,neutral
1000,entailment
1001,entailment
1002,entailment
1003,neutral
1004,entailment
1005,entailment
1006,contradiction
1007,neutral
1008,entailment
1009,neutral
1010,neutral
1011,neutral
1012,contradiction
1013,contradiction
1014,contradiction
1015,neutral
1016,neutral
1017,entailment
1018,entailment
1019,entailment
1020,entailment
1021,neutral
1022,contradiction
1023,entailment
1024,contradiction
1025,neutral
1026,neutral
1027,contradiction
1028,neutral
1029,entailment
1030,entailment
1031,entailment
1032,neutral
1033,entailment
1034,entailment
1035,neutral
1036,entailment
1037,neutral
1038,contradiction
1039,contradiction
1040,neutral
1041,contradiction
1042,entailment
1043,contradiction
1044,neutral
1045,contradiction
1046,entailment
1047,entailment
1048,entailment
1049,neutral
1050,contradiction
1051,entailment
1052,entailment
1053,neutral
1054,entailment
1055,contradiction
1056,neutral
1057,entailment
1058,entailment
1059,contradiction
1060,neutral
1061,contradiction
1062,neutral
1063,entailment
1064,entailment
1065,entailment
1066,contradiction
1067,neutral
1068,neutral
1069,contradiction
1070,contradiction
1071,contradiction
1072,entailment
1073,neutral
1074,contradiction
1075,entailment
1076,neutral
1077,neutral
1078,neutral
1079,contradiction
1080,entailment
1081,contradiction
1082,contradiction
1083,neutral
1084,contradiction
1085,neutral
1086,neutral
1087,entailment
1088,neutral
1089,entailment
1090,contradiction
1091,contradiction
1092,neutral
1093,contradiction
1094,entailment
1095,contradiction
1096,entailment
1097,neutral
1098,contradiction
1099,contradiction
1100,entailment
1101,contradiction
1102,entailment
1103,contradiction
1104,contradiction
1105,entailment
1106,entailment
1107,neutral
1108,entailment
1109,entailment
1110,contradiction
1111,contradiction
1112,entailment
1113,entailment
1114,entailment
1115,neutral
1116,neutral
1117,entailment
1118,contradiction
1119,contradiction
1120,contradiction
1121,entailment
1122,neutral
1123,entailment
1124,neutral
1125,entailment
1126,neutral
1127,neutral
1128,entailment
1129,entailment
1130,contradiction
1131,entailment
1132,entailment
1133,neutral
1134,neutral
1135,neutral
1136,contradiction
1137,entailment
1138,contradiction
1139,contradiction
1140,contradiction
1141,contradiction
1142,contradiction
1143,neutral
1144,entailment
1145,neutral
1146,contradiction
1147,entailment
1148,neutral
1149,contradiction
1150,neutral
1151,contradiction
1152,contradiction
1153,entailment
1154,entailment
1155,contradiction
1156,entailment
1157,entailment
1158,entailment
1159,neutral
1160,contradiction
1161,neutral
1162,entailment
1163,contradiction
1164,contradiction
1165,contradiction
1166,neutral
1167,neutral
1168,entailment
1169,contradiction
1170,entailment
1171,neutral
1172,contradiction
1173,neutral
1174,contradiction
1175,contradiction
1176,contradiction
1177,contradiction
1178,entailment
1179,neutral
1180,entailment
1181,entailment
1182,entailment
1183,entailment
1184,entailment
1185,neutral
1186,contradiction
1187,neutral
1188,neutral
1189,neutral
1190,contradiction
1191,contradiction
1192,contradiction
1193,entailment
1194,neutral
1195,contradiction
1196,entailment
1197,entailment
1198,entailment
1199,entailment
1200,entailment
1201,entailment
1202,contradiction
1203,contradiction
1204,contradiction
1205,neutral
1206,contradiction
1207,entailment
1208,contradiction
1209,contradiction
1210,contradiction
1211,neutral
1212,entailment
1213,contradiction
1214,neutral
1215,contradiction
1216,contradiction
1217,contradiction
1218,contradiction
1219,neutral
1220,contradiction
1221,contradiction
1222,contradiction
1223,contradiction
1224,neutral
1225,contradiction
1226,contradiction
1227,contradiction
1228,neutral
1229,contradiction
1230,entailment
1231,contradiction
1232,neutral
1233,contradiction
1234,entailment
1235,neutral
1236,neutral
1237,neutral
1238,neutral
1239,neutral
1240,entailment
1241,contradiction
1242,neutral
1243,entailment
1244,entailment
1245,neutral
1246,entailment
1247,contradiction
1248,contradiction
1249,contradiction
1250,neutral
1251,entailment
1252,entailment
1253,entailment
1254,contradiction
1255,neutral
1256,contradiction
1257,entailment
1258,neutral
1259,entailment
1260,contradiction
1261,neutral
1262,entailment
1263,entailment
1264,neutral
1265,contradiction
1266,entailment
1267,entailment
1268,entailment
1269,contradiction
1270,contradiction
1271,contradiction
1272,neutral
1273,entailment
1274,neutral
1275,contradiction
1276,entailment
1277,contradiction
1278,entailment
1279,contradiction
1280,entailment
1281,contradiction
1282,entailment
1283,neutral
1284,neutral
1285,neutral
1286,entailment
1287,contradiction
1288,entailment
1289,contradiction
1290,neutral
1291,entailment
1292,contradiction
1293,contradiction
1294,entailment
1295,neutral
1296,contradiction
1297,contradiction
1298,contradiction
1299,entailment
1300,entailment
1301,neutral
1302,contradiction
1303,neutral
1304,contradiction
1305,entailment
1306,contradiction
1307,neutral
1308,entailment
1309,contradiction
1310,entailment
1311,contradiction
1312,neutral
1313,neutral
1314,contradiction
1315,neutral
1316,entailment
1317,contradiction
1318,neutral
1319,entailment
1320,neutral
1321,neutral
1322,contradiction
1323,entailment
1324,contradiction
1325,entailment
1326,contradiction
1327,contradiction
1328,contradiction
1329,neutral
1330,contradiction
1331,neutral
1332,neutral
1333,contradiction
1334,contradiction
1335,entailment
1336,contradiction
1337,entailment
1338,contradiction
1339,neutral
1340,neutral
1341,contradiction
1342,contradiction
1343,entailment
1344,neutral
1345,contradiction
1346,contradiction
1347,contradiction
1348,contradiction
1349,contradiction
1350,contradiction
1351,contradiction
1352,contradiction
1353,contradiction
1354,contradiction
1355,contradiction
1356,contradiction
1357,contradiction
1358,neutral
1359,entailment
1360,contradiction
1361,contradiction
1362,neutral
1363,contradiction
1364,entailment
1365,contradiction
1366,neutral
1367,contradiction
1368,contradiction
1369,contradiction
1370,contradiction
1371,neutral
1372,entailment
1373,neutral
1374,contradiction
1375,neutral
1376,neutral
1377,neutral
1378,contradiction
1379,neutral
1380,neutral
1381,neutral
1382,contradiction
1383,neutral
1384,entailment
1385,entailment
1386,entailment
1387,entailment
1388,contradiction
1389,entailment
1390,entailment
1391,entailment
1392,contradiction
1393,contradiction
1394,entailment
1395,neutral
1396,neutral
1397,contradiction
1398,entailment
1399,contradiction
1400,entailment
1401,contradiction
1402,entailment
1403,entailment
1404,neutral
1405,contradiction
1406,entailment
1407,contradiction
1408,neutral
1409,contradiction
1410,entailment
1411,contradiction
1412,contradiction
1413,neutral
1414,neutral
1415,contradiction
1416,contradiction
1417,entailment
1418,contradiction
1419,contradiction
1420,entailment
1421,contradiction
1422,contradiction
1423,contradiction
1424,neutral
1425,neutral
1426,entailment
1427,entailment
1428,contradiction
1429,neutral
1430,neutral
1431,contradiction
1432,neutral
1433,neutral
1434,contradiction
1435,contradiction
1436,entailment
1437,neutral
1438,contradiction
1439,entailment
1440,neutral
1441,neutral
1442,contradiction
1443,contradiction
1444,entailment
1445,entailment
1446,contradiction
1447,contradiction
1448,entailment
1449,contradiction
1450,contradiction
1451,neutral
1452,entailment
1453,contradiction
1454,entailment
1455,entailment
1456,entailment
1457,entailment
1458,entailment
1459,neutral
1460,entailment
1461,entailment
1462,neutral
1463,neutral
1464,entailment
1465,entailment
1466,entailment
1467,entailment
1468,entailment
1469,entailment
1470,neutral
1471,neutral
1472,contradiction
1473,neutral
1474,contradiction
1475,entailment
1476,contradiction
1477,neutral
1478,contradiction
1479,contradiction
1480,neutral
1481,contradiction
1482,contradiction
1483,neutral
1484,neutral
1485,contradiction
1486,neutral
1487,contradiction
1488,entailment
1489,contradiction
1490,contradiction
1491,contradiction
1492,entailment
1493,contradiction
1494,entailment
1495,entailment
1496,entailment
1497,contradiction
1498,neutral
1499,neutral
1500,contradiction
1501,contradiction
1502,neutral
1503,neutral
1504,neutral
1505,entailment
1506,contradiction
1507,neutral
1508,neutral
1509,entailment
1510,contradiction
1511,neutral
1512,neutral
1513,neutral
1514,contradiction
1515,contradiction
1516,contradiction
1517,neutral
1518,contradiction
1519,contradiction
1520,contradiction
1521,neutral
1522,neutral
1523,neutral
1524,neutral
1525,neutral
1526,contradiction
1527,entailment
1528,entailment
1529,contradiction
1530,contradiction
1531,contradiction
1532,contradiction
1533,contradiction
1534,entailment
1535,neutral
1536,neutral
1537,neutral
1538,entailment
1539,entailment
1540,neutral
1541,entailment
1542,entailment
1543,contradiction
1544,neutral
1545,entailment
1546,entailment
1547,entailment
1548,contradiction
1549,neutral
1550,neutral
1551,neutral
1552,contradiction
1553,contradiction
1554,neutral
1555,contradiction
1556,neutral
1557,entailment
1558,contradiction
1559,contradiction
1560,neutral
1561,contradiction
1562,contradiction
1563,entailment
1564,neutral
1565,entailment
1566,neutral
1567,entailment
1568,contradiction
1569,contradiction
1570,entailment
1571,contradiction
1572,neutral
1573,contradiction
1574,entailment
1575,entailment
1576,contradiction
1577,entailment
1578,neutral
1579,contradiction
1580,entailment
1581,entailment
1582,contradiction
1583,contradiction
1584,neutral
1585,neutral
1586,entailment
1587,neutral
1588,entailment
1589,contradiction
1590,neutral
1591,neutral
1592,entailment
1593,neutral
1594,entailment
1595,neutral
1596,entailment
1597,entailment
1598,entailment
1599,contradiction
1600,contradiction
1601,contradiction
1602,neutral
1603,contradiction
1604,neutral
1605,neutral
1606,neutral
1607,neutral
1608,neutral
1609,contradiction
1610,neutral
1611,neutral
1612,contradiction
1613,entailment
1614,neutral
1615,contradiction
1616,neutral
1617,entailment
1618,entailment
1619,contradiction
1620,contradiction
1621,entailment
1622,entailment
1623,entailment
1624,entailment
1625,entailment
1626,contradiction
1627,contradiction
1628,entailment
1629,entailment
1630,entailment
1631,contradiction
1632,contradiction
1633,neutral
1634,entailment
1635,neutral
1636,contradiction
1637,neutral
1638,contradiction
1639,neutral
1640,contradiction
1641,neutral
1642,contradiction
1643,neutral
1644,entailment
1645,neutral
1646,entailment
1647,entailment
1648,neutral
1649,entailment
1650,contradiction
1651,contradiction
1652,neutral
1653,contradiction
1654,entailment
1655,neutral
1656,entailment
1657,neutral
1658,entailment
1659,neutral
1660,contradiction
1661,contradiction
1662,entailment
1663,contradiction
1664,contradiction
1665,neutral
1666,contradiction
1667,entailment
1668,neutral
1669,neutral
1670,entailment
1671,neutral
1672,contradiction
1673,neutral
1674,entailment
1675,neutral
1676,entailment
1677,entailment
1678,contradiction
1679,entailment
1680,neutral
1681,contradiction
1682,entailment
1683,entailment
1684,entailment
1685,entailment
1686,entailment
1687,entailment
1688,contradiction
1689,entailment
1690,neutral
1691,neutral
1692,neutral
1693,neutral
1694,entailment
1695,contradiction
1696,entailment
1697,entailment
1698,neutral
1699,entailment
1700,entailment
1701,entailment
1702,entailment
1703,entailment
1704,entailment
1705,neutral
1706,neutral
1707,contradiction
1708,contradiction
1709,contradiction
1710,entailment
1711,entailment
1712,entailment
1713,neutral
1714,neutral
1715,neutral
1716,neutral
1717,entailment
1718,entailment
1719,contradiction
1720,neutral
1721,entailment
1722,neutral
1723,entailment
1724,contradiction
1725,contradiction
1726,entailment
1727,entailment
1728,contradiction
1729,neutral
1730,contradiction
1731,neutral
1732,contradiction
1733,neutral
1734,entailment
1735,contradiction
1736,contradiction
1737,contradiction
1738,entailment
1739,neutral
1740,contradiction
1741,neutral
1742,entailment
1743,contradiction
1744,entailment
1745,entailment
1746,entailment
1747,neutral
1748,contradiction
1749,entailment
1750,entailment
1751,contradiction
1752,entailment
1753,contradiction
1754,entailment
1755,entailment
1756,contradiction
1757,neutral
1758,neutral
1759,entailment
1760,contradiction
1761,entailment
1762,neutral
1763,entailment
1764,entailment
1765,neutral
1766,entailment
1767,entailment
1768,contradiction
1769,neutral
1770,contradiction
1771,contradiction
1772,neutral
1773,neutral
1774,neutral
1775,entailment
1776,neutral
1777,contradiction
1778,neutral
1779,entailment
1780,entailment
1781,neutral
1782,entailment
1783,contradiction
1784,entailment
1785,entailment
1786,entailment
1787,contradiction
1788,neutral
1789,contradiction
1790,neutral
1791,entailment
1792,contradiction
1793,neutral
1794,contradiction
1795,contradiction
1796,entailment
1797,neutral
1798,neutral
1799,contradiction
1800,neutral
1801,contradiction
1802,neutral
1803,contradiction
1804,contradiction
1805,neutral
1806,contradiction
1807,neutral
1808,contradiction
1809,neutral
1810,neutral
1811,entailment
1812,contradiction
1813,contradiction
1814,contradiction
1815,contradiction
1816,contradiction
1817,neutral
1818,entailment
1819,contradiction
1820,entailment
1821,entailment
1822,entailment
1823,entailment
1824,contradiction
1825,entailment
1826,neutral
1827,contradiction
1828,entailment
1829,contradiction
1830,contradiction
1831,contradiction
1832,contradiction
1833,contradiction
1834,neutral
1835,contradiction
1836,contradiction
1837,contradiction
1838,neutral
1839,entailment
1840,contradiction
1841,contradiction
1842,entailment
1843,entailment
1844,neutral
1845,entailment
1846,neutral
1847,neutral
1848,neutral
1849,entailment
1850,neutral
1851,entailment
1852,contradiction
1853,contradiction
1854,contradiction
1855,entailment
1856,neutral
1857,entailment
1858,entailment
1859,neutral
1860,neutral
1861,neutral
1862,entailment
1863,contradiction
1864,neutral
1865,neutral
1866,neutral
1867,contradiction
1868,entailment
1869,contradiction
1870,neutral
1871,neutral
1872,entailment
1873,entailment
1874,contradiction
1875,neutral
1876,entailment
1877,contradiction
1878,neutral
1879,entailment
1880,neutral
1881,neutral
1882,contradiction
1883,contradiction
1884,entailment
1885,contradiction
1886,entailment
1887,contradiction
1888,contradiction
1889,entailment
1890,contradiction
1891,entailment
1892,contradiction
1893,contradiction
1894,neutral
1895,neutral
1896,contradiction
1897,contradiction
1898,neutral
1899,neutral
1900,entailment
1901,contradiction
1902,contradiction
1903,entailment
1904,neutral
1905,entailment
1906,contradiction
1907,neutral
1908,contradiction
1909,contradiction
1910,contradiction
1911,entailment
1912,contradiction
1913,neutral
1914,contradiction
1915,entailment
1916,contradiction
1917,contradiction
1918,entailment
1919,contradiction
1920,neutral
1921,entailment
1922,neutral
1923,contradiction
1924,contradiction
1925,neutral
1926,contradiction
1927,neutral
1928,contradiction
1929,entailment
1930,entailment
1931,contradiction
1932,entailment
1933,contradiction
1934,neutral
1935,neutral
1936,neutral
1937,entailment
1938,entailment
1939,entailment
1940,entailment
1941,entailment
1942,neutral
1943,contradiction
1944,neutral
1945,neutral
1946,contradiction
1947,contradiction
1948,neutral
1949,neutral
1950,contradiction
1951,contradiction
1952,entailment
1953,neutral
1954,neutral
1955,contradiction
1956,neutral
1957,contradiction
1958,contradiction
1959,entailment
1960,contradiction
1961,entailment
1962,contradiction
1963,contradiction
1964,neutral
1965,neutral
1966,contradiction
1967,neutral
1968,entailment
1969,entailment
1970,entailment
1971,entailment
1972,contradiction
1973,contradiction
1974,contradiction
1975,entailment
1976,entailment
1977,entailment
1978,entailment
1979,contradiction
1980,contradiction
1981,entailment
1982,entailment
1983,neutral
1984,entailment
1985,entailment
1986,neutral
1987,contradiction
1988,entailment
1989,neutral
1990,entailment
1991,contradiction
1992,entailment
1993,entailment
1994,contradiction
1995,neutral
1996,contradiction
1997,entailment
1998,neutral
1999,neutral
2000,entailment
2001,contradiction
2002,contradiction
2003,contradiction
2004,contradiction
2005,contradiction
2006,contradiction
2007,contradiction
2008,contradiction
2009,entailment
2010,contradiction
2011,contradiction
2012,contradiction
2013,entailment
2014,neutral
2015,contradiction
2016,neutral
2017,contradiction
2018,entailment
2019,contradiction
2020,neutral
2021,neutral
2022,contradiction
2023,contradiction
2024,contradiction
2025,contradiction
2026,entailment
2027,entailment
2028,contradiction
2029,contradiction
2030,contradiction
2031,entailment
2032,contradiction
2033,neutral
2034,entailment
2035,entailment
2036,contradiction
2037,neutral
2038,neutral
2039,neutral
2040,neutral
2041,contradiction
2042,entailment
2043,entailment
2044,neutral
2045,contradiction
2046,neutral
2047,contradiction
2048,entailment
2049,contradiction
2050,entailment
2051,contradiction
2052,entailment
2053,neutral
2054,entailment
2055,contradiction
2056,neutral
2057,contradiction
2058,neutral
2059,neutral
2060,contradiction
2061,contradiction
2062,contradiction
2063,contradiction
2064,contradiction
2065,entailment
2066,entailment
2067,entailment
2068,neutral
2069,entailment
2070,entailment
2071,contradiction
2072,neutral
2073,entailment
2074,contradiction
2075,neutral
2076,entailment
2077,contradiction
2078,contradiction
2079,entailment
2080,contradiction
2081,neutral
2082,entailment
2083,contradiction
2084,entailment
2085,neutral
2086,contradiction
2087,neutral
2088,entailment
2089,contradiction
2090,entailment
2091,entailment
2092,entailment
2093,neutral
2094,entailment
2095,contradiction
2096,entailment
2097,entailment
2098,neutral
2099,contradiction
2100,entailment
2101,entailment
2102,contradiction
2103,contradiction
2104,entailment
2105,entailment
2106,contradiction
2107,contradiction
2108,contradiction
2109,entailment
2110,neutral
2111,entailment
2112,neutral
2113,neutral
2114,contradiction
2115,entailment
2116,contradiction
2117,neutral
2118,contradiction
2119,neutral
2120,neutral
2121,contradiction
2122,entailment
2123,entailment
2124,neutral
2125,contradiction
2126,neutral
2127,contradiction
2128,entailment
2129,entailment
2130,contradiction
2131,contradiction
2132,contradiction
2133,entailment
2134,neutral
2135,entailment
2136,contradiction
2137,neutral
2138,neutral
2139,entailment
2140,entailment
2141,entailment
2142,neutral
2143,neutral
2144,neutral
2145,neutral
2146,neutral
2147,entailment
2148,entailment
2149,entailment
2150,entailment
2151,contradiction
2152,contradiction
2153,entailment
2154,neutral
2155,contradiction
2156,neutral
2157,entailment
2158,contradiction
2159,entailment
2160,contradiction
2161,neutral
2162,neutral
2163,contradiction
2164,contradiction
2165,entailment
2166,entailment
2167,contradiction
2168,contradiction
2169,neutral
2170,contradiction
2171,entailment
2172,neutral
2173,contradiction
2174,contradiction
2175,contradiction
2176,neutral
2177,entailment
2178,entailment
2179,contradiction
2180,neutral
2181,entailment
2182,entailment
2183,neutral
2184,contradiction
2185,contradiction
2186,neutral
2187,contradiction
2188,entailment
2189,entailment
2190,neutral
2191,contradiction
2192,entailment
2193,contradiction
2194,contradiction
2195,contradiction
2196,neutral
2197,neutral
2198,neutral
2199,neutral
2200,neutral
2201,neutral
2202,contradiction
2203,neutral
2204,contradiction
2205,contradiction
2206,contradiction
2207,contradiction
2208,entailment
2209,neutral
2210,neutral
2211,entailment
2212,contradiction
2213,neutral
2214,neutral
2215,entailment
2216,contradiction
2217,neutral
2218,contradiction
2219,entailment
2220,entailment
2221,neutral
2222,entailment
2223,contradiction
2224,entailment
2225,contradiction
2226,contradiction
2227,neutral
2228,neutral
2229,entailment
2230,entailment
2231,contradiction
2232,contradiction
2233,neutral
2234,neutral
2235,entailment
2236,contradiction
2237,neutral
2238,contradiction
2239,contradiction
2240,contradiction
2241,neutral
2242,entailment
2243,contradiction
2244,contradiction
2245,neutral
2246,entailment
2247,entailment
2248,entailment
2249,entailment
2250,neutral
2251,contradiction
2252,contradiction
2253,entailment
2254,contradiction
2255,neutral
2256,entailment
2257,contradiction
2258,entailment
2259,neutral
2260,entailment
2261,neutral
2262,entailment
2263,contradiction
2264,entailment
2265,contradiction
2266,entailment
2267,entailment
2268,entailment
2269,neutral
2270,neutral
2271,neutral
2272,contradiction
2273,contradiction
2274,entailment
2275,entailment
2276,entailment
2277,entailment
2278,contradiction
2279,contradiction
2280,contradiction
2281,contradiction
2282,entailment
2283,contradiction
2284,contradiction
2285,entailment
2286,neutral
2287,entailment
2288,contradiction
2289,contradiction
2290,contradiction
2291,contradiction
2292,entailment
2293,neutral
2294,contradiction
2295,contradiction
2296,contradiction
2297,entailment
2298,neutral
2299,entailment
2300,contradiction
2301,contradiction
2302,entailment
2303,neutral
2304,contradiction
2305,entailment
2306,neutral
2307,entailment
2308,neutral
2309,entailment
2310,contradiction
2311,entailment
2312,entailment
2313,entailment
2314,entailment
2315,entailment
2316,neutral
2317,entailment
2318,neutral
2319,contradiction
2320,contradiction
2321,contradiction
2322,neutral
2323,entailment
2324,contradiction
2325,entailment
2326,entailment
2327,contradiction
2328,contradiction
2329,neutral
2330,entailment
2331,entailment
2332,contradiction
2333,neutral
2334,neutral
2335,entailment
2336,contradiction
2337,entailment
2338,contradiction
2339,entailment
2340,neutral
2341,neutral
2342,entailment
2343,neutral
2344,neutral
2345,neutral
2346,entailment
2347,contradiction
2348,neutral
2349,neutral
2350,neutral
2351,neutral
2352,contradiction
2353,neutral
2354,entailment
2355,entailment
2356,neutral
2357,entailment
2358,neutral
2359,contradiction
2360,entailment
2361,neutral
2362,entailment
2363,neutral
2364,neutral
2365,entailment
2366,neutral
2367,neutral
2368,neutral
2369,entailment
2370,neutral
2371,neutral
2372,neutral
2373,contradiction
2374,contradiction
2375,neutral
2376,entailment
2377,entailment
2378,contradiction
2379,entailment
2380,neutral
2381,entailment
2382,entailment
2383,contradiction
2384,neutral
2385,contradiction
2386,neutral
2387,contradiction
2388,entailment
2389,neutral
2390,contradiction
2391,contradiction
2392,contradiction
2393,entailment
2394,neutral
2395,neutral
2396,neutral
2397,neutral
2398,neutral
2399,neutral
2400,entailment
2401,entailment
2402,entailment
2403,neutral
2404,entailment
2405,entailment
2406,contradiction
2407,entailment
2408,entailment
2409,neutral
2410,neutral
2411,contradiction
2412,neutral
2413,entailment
2414,contradiction
2415,contradiction
2416,entailment
2417,contradiction
2418,entailment
2419,neutral
2420,contradiction
2421,entailment
2422,entailment
2423,contradiction
2424,entailment
2425,entailment
2426,entailment
2427,contradiction
2428,neutral
2429,entailment
2430,contradiction
2431,entailment
2432,neutral
2433,entailment
2434,entailment
2435,contradiction
2436,contradiction
2437,entailment
2438,contradiction
2439,neutral
2440,neutral
2441,neutral
2442,entailment
2443,contradiction
2444,neutral
2445,neutral
2446,entailment
2447,neutral
2448,contradiction
2449,contradiction
2450,neutral
2451,neutral
2452,contradiction
2453,contradiction
2454,entailment
2455,neutral
2456,entailment
2457,contradiction
2458,neutral
2459,contradiction
2460,neutral
2461,neutral
2462,neutral
2463,entailment
2464,contradiction
2465,neutral
2466,contradiction
2467,entailment
2468,neutral
2469,contradiction
2470,entailment
2471,neutral
2472,entailment
2473,neutral
2474,contradiction
2475,contradiction
2476,entailment
2477,contradiction
2478,contradiction
2479,neutral
2480,entailment
2481,entailment
2482,entailment
2483,entailment
2484,contradiction
2485,contradiction
2486,contradiction
2487,entailment
2488,contradiction
2489,contradiction
2490,neutral
2491,neutral
2492,neutral
2493,entailment
2494,neutral
2495,neutral
2496,entailment
2497,entailment
2498,entailment
2499,contradiction
2500,contradiction
2501,contradiction
2502,neutral
2503,neutral
2504,neutral
2505,neutral
2506,contradiction
2507,contradiction
2508,neutral
2509,contradiction
2510,neutral
2511,entailment
2512,entailment
2513,entailment
2514,entailment
2515,neutral
2516,neutral
2517,neutral
2518,entailment
2519,contradiction
2520,entailment
2521,contradiction
2522,contradiction
2523,contradiction
2524,contradiction
2525,entailment
2526,entailment
2527,contradiction
2528,entailment
2529,contradiction
2530,entailment
2531,contradiction
2532,neutral
2533,entailment
2534,neutral
2535,entailment
2536,entailment
2537,entailment
2538,entailment
2539,entailment
2540,entailment
2541,entailment
2542,contradiction
2543,entailment
2544,contradiction
2545,contradiction
2546,contradiction
2547,neutral
2548,entailment
2549,neutral
2550,entailment
2551,neutral
2552,neutral
2553,entailment
2554,contradiction
2555,neutral
2556,neutral
2557,contradiction
2558,entailment
2559,contradiction
2560,neutral
2561,entailment
2562,entailment
2563,neutral
2564,neutral
2565,neutral
2566,contradiction
2567,contradiction
2568,entailment
2569,neutral
2570,neutral
2571,contradiction
2572,neutral
2573,entailment
2574,entailment
2575,entailment
2576,contradiction
2577,entailment
2578,neutral
2579,entailment
2580,neutral
2581,entailment
2582,entailment
2583,contradiction
2584,contradiction
2585,contradiction
2586,contradiction
2587,entailment
2588,contradiction
2589,contradiction
2590,contradiction
2591,neutral
2592,contradiction
2593,neutral
2594,contradiction
2595,entailment
2596,contradiction
2597,contradiction
2598,neutral
2599,neutral
2600,contradiction
2601,entailment
2602,neutral
2603,contradiction
2604,neutral
2605,contradiction
2606,contradiction
2607,contradiction
2608,entailment
2609,contradiction
2610,entailment
2611,contradiction
2612,contradiction
2613,entailment
2614,neutral
2615,entailment
2616,contradiction
2617,neutral
2618,entailment
2619,entailment
2620,entailment
2621,entailment
2622,entailment
2623,contradiction
2624,entailment
2625,contradiction
2626,contradiction
2627,entailment
2628,contradiction
2629,entailment
2630,neutral
2631,entailment
2632,contradiction
2633,contradiction
2634,neutral
2635,neutral
2636,contradiction
2637,contradiction
2638,contradiction
2639,contradiction
2640,entailment
2641,contradiction
2642,entailment
2643,entailment
2644,neutral
2645,neutral
2646,neutral
2647,neutral
2648,contradiction
2649,entailment
2650,contradiction
2651,entailment
2652,entailment
2653,entailment
2654,neutral
2655,neutral
2656,entailment
2657,contradiction
2658,contradiction
2659,neutral
2660,entailment
2661,contradiction
2662,neutral
2663,entailment
2664,neutral
2665,neutral
2666,neutral
2667,entailment
2668,neutral
2669,contradiction
2670,neutral
2671,entailment
2672,contradiction
2673,entailment
2674,contradiction
2675,entailment
2676,neutral
2677,entailment
2678,entailment
2679,entailment
2680,entailment
2681,entailment
2682,entailment
2683,neutral
2684,neutral
2685,neutral
2686,contradiction
2687,contradiction
2688,neutral
2689,entailment
2690,contradiction
2691,contradiction
2692,neutral
2693,neutral
2694,neutral
2695,neutral
2696,neutral
2697,neutral
2698,neutral
2699,contradiction
2700,neutral
2701,contradiction
2702,contradiction
2703,neutral
2704,neutral
2705,entailment
2706,contradiction
2707,entailment
2708,contradiction
2709,entailment
2710,neutral
2711,contradiction
2712,entailment
2713,contradiction
2714,entailment
2715,contradiction
2716,neutral
2717,contradiction
2718,neutral
2719,neutral
2720,neutral
2721,entailment
2722,contradiction
2723,entailment
2724,neutral
2725,neutral
2726,contradiction
2727,entailment
2728,entailment
2729,neutral
2730,neutral
2731,neutral
2732,neutral
2733,contradiction
2734,neutral
2735,neutral
2736,entailment
2737,contradiction
2738,entailment
2739,contradiction
2740,entailment
2741,contradiction
2742,entailment
2743,neutral
2744,contradiction
2745,contradiction
2746,neutral
2747,neutral
2748,entailment
2749,entailment
2750,entailment
2751,contradiction
2752,neutral
2753,neutral
2754,contradiction
2755,neutral
2756,neutral
2757,entailment
2758,entailment
2759,contradiction
2760,neutral
2761,neutral
2762,neutral
2763,entailment
2764,entailment
2765,neutral
2766,neutral
2767,neutral
2768,neutral
2769,entailment
2770,contradiction
2771,contradiction
2772,neutral
2773,neutral
2774,contradiction
2775,contradiction
2776,contradiction
2777,contradiction
2778,neutral
2779,contradiction
2780,contradiction
2781,neutral
2782,contradiction
2783,contradiction
2784,neutral
2785,neutral
2786,entailment
2787,entailment
2788,neutral
2789,neutral
2790,neutral
2791,entailment
2792,contradiction
2793,entailment
2794,entailment
2795,entailment
2796,contradiction
2797,neutral
2798,contradiction
2799,neutral
2800,contradiction
2801,neutral
2802,entailment
2803,contradiction
2804,entailment
2805,neutral
2806,neutral
2807,neutral
2808,entailment
2809,neutral
2810,neutral
2811,neutral
2812,contradiction
2813,neutral
2814,entailment
2815,entailment
2816,neutral
2817,entailment
2818,neutral
2819,neutral
2820,neutral
2821,contradiction
2822,entailment
2823,contradiction
2824,contradiction
2825,contradiction
2826,neutral
2827,contradiction
2828,entailment
2829,contradiction
2830,entailment
2831,entailment
2832,entailment
2833,entailment
2834,entailment
2835,entailment
2836,neutral
2837,neutral
2838,neutral
2839,entailment
2840,entailment
2841,neutral
2842,neutral
2843,contradiction
2844,entailment
2845,contradiction
2846,contradiction
2847,contradiction
2848,neutral
2849,entailment
2850,neutral
2851,neutral
2852,entailment
2853,contradiction
2854,contradiction
2855,entailment
2856,neutral
2857,contradiction
2858,neutral
2859,contradiction
2860,entailment
2861,entailment
2862,entailment
2863,contradiction
2864,contradiction
2865,contradiction
2866,neutral
2867,neutral
2868,neutral
2869,entailment
2870,entailment
2871,neutral
2872,neutral
2873,neutral
2874,neutral
2875,contradiction
2876,entailment
2877,contradiction
2878,contradiction
2879,contradiction
2880,neutral
2881,neutral
2882,entailment
2883,contradiction
2884,contradiction
2885,contradiction
2886,neutral
2887,neutral
2888,neutral
2889,entailment
2890,entailment
2891,contradiction
2892,neutral
2893,entailment
2894,entailment
2895,neutral
2896,contradiction
2897,contradiction
2898,neutral
2899,entailment
2900,contradiction
2901,neutral
2902,neutral
2903,contradiction
2904,contradiction
2905,contradiction
2906,neutral
2907,entailment
2908,contradiction
2909,contradiction
2910,contradiction
2911,entailment
2912,contradiction
2913,entailment
2914,entailment
2915,contradiction
2916,contradiction
2917,entailment
2918,entailment
2919,neutral
2920,contradiction
2921,neutral
2922,contradiction
2923,contradiction
2924,contradiction
2925,entailment
2926,neutral
2927,neutral
2928,entailment
2929,contradiction
2930,neutral
2931,neutral
2932,entailment
2933,neutral
2934,contradiction
2935,neutral
2936,neutral
2937,contradiction
2938,neutral
2939,entailment
2940,neutral
2941,entailment
2942,entailment
2943,neutral
2944,neutral
2945,neutral
2946,contradiction
2947,contradiction
2948,contradiction
2949,neutral
2950,contradiction
2951,contradiction
2952,entailment
2953,neutral
2954,entailment
2955,entailment
2956,entailment
2957,contradiction
2958,neutral
2959,contradiction
2960,neutral
2961,neutral
2962,entailment
2963,neutral
2964,entailment
2965,entailment
2966,entailment
2967,neutral
2968,contradiction
2969,neutral
2970,contradiction
2971,contradiction
2972,contradiction
2973,neutral
2974,entailment
2975,neutral
2976,neutral
2977,neutral
2978,neutral
2979,entailment
2980,contradiction
2981,contradiction
2982,neutral
2983,contradiction
2984,contradiction
2985,contradiction
2986,contradiction
2987,contradiction
2988,entailment
2989,contradiction
2990,contradiction
2991,contradiction
2992,neutral
2993,neutral
2994,contradiction
2995,entailment
2996,entailment
2997,neutral
2998,neutral
2999,entailment
3000,neutral
3001,contradiction
3002,entailment
3003,entailment
3004,entailment
3005,neutral
3006,neutral
3007,neutral
3008,neutral
3009,neutral
3010,neutral
3011,neutral
3012,neutral
3013,neutral
3014,neutral
3015,neutral
3016,neutral
3017,neutral
3018,neutral
3019,neutral
3020,entailment
3021,contradiction
3022,contradiction
3023,contradiction
3024,entailment
3025,contradiction
3026,contradiction
3027,entailment
3028,entailment
3029,neutral
3030,neutral
3031,entailment
3032,entailment
3033,contradiction
3034,neutral
3035,contradiction
3036,neutral
3037,entailment
3038,neutral
3039,neutral
3040,neutral
3041,contradiction
3042,contradiction
3043,contradiction
3044,entailment
3045,entailment
3046,neutral
3047,contradiction
3048,neutral
3049,entailment
3050,entailment
3051,neutral
3052,contradiction
3053,entailment
3054,entailment
3055,neutral
3056,entailment
3057,contradiction
3058,contradiction
3059,neutral
3060,neutral
3061,entailment
3062,entailment
3063,contradiction
3064,entailment
3065,entailment
3066,entailment
3067,contradiction
3068,neutral
3069,neutral
3070,neutral
3071,entailment
3072,entailment
3073,contradiction
3074,neutral
3075,contradiction
3076,contradiction
3077,neutral
3078,neutral
3079,contradiction
3080,contradiction
3081,entailment
3082,neutral
3083,neutral
3084,neutral
3085,contradiction
3086,entailment
3087,entailment
3088,contradiction
3089,entailment
3090,entailment
3091,neutral
3092,neutral
3093,entailment
3094,neutral
3095,contradiction
3096,neutral
3097,neutral
3098,contradiction
3099,entailment
3100,contradiction
3101,entailment
3102,contradiction
3103,neutral
3104,contradiction
3105,contradiction
3106,entailment
3107,contradiction
3108,neutral
3109,neutral
3110,neutral
3111,contradiction
3112,entailment
3113,entailment
3114,entailment
3115,contradiction
3116,neutral
3117,neutral
3118,entailment
3119,contradiction
3120,contradiction
3121,neutral
3122,entailment
3123,entailment
3124,entailment
3125,entailment
3126,neutral
3127,neutral
3128,entailment
3129,contradiction
3130,contradiction
3131,contradiction
3132,contradiction
3133,entailment
3134,entailment
3135,contradiction
3136,entailment
3137,neutral
3138,contradiction
3139,entailment
3140,contradiction
3141,contradiction
3142,contradiction
3143,entailment
3144,contradiction
3145,contradiction
3146,neutral
3147,entailment
3148,contradiction
3149,neutral
3150,entailment
3151,entailment
3152,contradiction
3153,contradiction
3154,contradiction
3155,contradiction
3156,contradiction
3157,neutral
3158,entailment
3159,neutral
3160,contradiction
3161,neutral
3162,neutral
3163,neutral
3164,entailment
3165,contradiction
3166,neutral
3167,contradiction
3168,entailment
3169,entailment
3170,entailment
3171,contradiction
3172,neutral
3173,neutral
3174,neutral
3175,neutral
3176,neutral
3177,neutral
3178,neutral
3179,entailment
3180,neutral
3181,entailment
3182,neutral
3183,neutral
3184,contradiction
3185,entailment
3186,entailment
3187,neutral
3188,neutral
3189,neutral
3190,neutral
3191,contradiction
3192,contradiction
3193,entailment
3194,contradiction
3195,neutral
3196,contradiction
3197,contradiction
3198,entailment
3199,entailment
3200,contradiction
3201,neutral
3202,entailment
3203,entailment
3204,entailment
3205,contradiction
3206,neutral
3207,entailment
3208,contradiction
3209,entailment
3210,contradiction
3211,contradiction
3212,neutral
3213,contradiction
3214,entailment
3215,neutral
3216,contradiction
3217,neutral
3218,entailment
3219,contradiction
3220,contradiction
3221,neutral
3222,contradiction
3223,contradiction
3224,contradiction
3225,contradiction
3226,contradiction
3227,contradiction
3228,neutral
3229,contradiction
3230,neutral
3231,contradiction
3232,neutral
3233,entailment
3234,contradiction
3235,contradiction
3236,neutral
3237,neutral
3238,contradiction
3239,neutral
3240,neutral
3241,neutral
3242,neutral
3243,neutral
3244,neutral
3245,entailment
3246,contradiction
3247,contradiction
3248,contradiction
3249,contradiction
3250,neutral
3251,entailment
3252,entailment
3253,neutral
3254,contradiction
3255,contradiction
3256,entailment
3257,contradiction
3258,entailment
3259,contradiction
3260,neutral
3261,entailment
3262,entailment
3263,contradiction
3264,neutral
3265,entailment
3266,contradiction
3267,entailment
3268,contradiction
3269,contradiction
3270,contradiction
3271,contradiction
3272,neutral
3273,entailment
3274,neutral
3275,contradiction
3276,contradiction
3277,contradiction
3278,neutral
3279,contradiction
3280,contradiction
3281,contradiction
3282,contradiction
3283,contradiction
3284,contradiction
3285,contradiction
3286,contradiction
3287,neutral
3288,entailment
3289,neutral
3290,contradiction
3291,neutral
3292,contradiction
3293,entailment
3294,contradiction
3295,contradiction
3296,neutral
3297,neutral
3298,neutral
3299,neutral
3300,neutral
3301,neutral
3302,neutral
3303,neutral
3304,neutral
3305,neutral
3306,neutral
3307,neutral
3308,neutral
3309,neutral
3310,neutral
3311,entailment
3312,entailment
3313,entailment
3314,entailment
3315,entailment
3316,contradiction
3317,contradiction
3318,entailment
3319,entailment
3320,contradiction
3321,contradiction
3322,entailment
3323,contradiction
3324,neutral
3325,entailment
3326,neutral
3327,neutral
3328,contradiction
3329,neutral
3330,contradiction
3331,entailment
3332,contradiction
3333,entailment
3334,entailment
3335,entailment
3336,contradiction
3337,entailment
3338,entailment
3339,entailment
3340,neutral
3341,contradiction
3342,neutral
3343,contradiction
3344,contradiction
3345,contradiction
3346,neutral
3347,contradiction
3348,neutral
3349,neutral
3350,neutral
3351,neutral
3352,neutral
3353,entailment
3354,neutral
3355,contradiction
3356,neutral
3357,entailment
3358,contradiction
3359,contradiction
3360,contradiction
3361,entailment
3362,entailment
3363,entailment
3364,entailment
3365,contradiction
3366,contradiction
3367,neutral
3368,neutral
3369,neutral
3370,neutral
3371,contradiction
3372,entailment
3373,entailment
3374,neutral
3375,entailment
3376,entailment
3377,neutral
3378,entailment
3379,entailment
3380,entailment
3381,entailment
3382,contradiction
3383,neutral
3384,neutral
3385,neutral
3386,contradiction
3387,contradiction
3388,neutral
3389,contradiction
3390,neutral
3391,entailment
3392,contradiction
3393,contradiction
3394,neutral
3395,contradiction
3396,neutral
3397,entailment
3398,neutral
3399,neutral
3400,entailment
3401,neutral
3402,entailment
3403,neutral
3404,entailment
3405,neutral
3406,neutral
3407,neutral
3408,entailment
3409,contradiction
3410,contradiction
3411,contradiction
3412,neutral
3413,neutral
3414,entailment
3415,entailment
3416,entailment
3417,neutral
3418,contradiction
3419,neutral
3420,neutral
3421,neutral
3422,entailment
3423,contradiction
3424,entailment
3425,neutral
3426,neutral
3427,neutral
3428,contradiction
3429,entailment
3430,contradiction
3431,entailment
3432,contradiction
3433,contradiction
3434,contradiction
3435,entailment
3436,contradiction
3437,entailment
3438,entailment
3439,neutral
3440,neutral
3441,contradiction
3442,contradiction
3443,contradiction
3444,neutral
3445,neutral
3446,neutral
3447,entailment
3448,contradiction
3449,entailment
3450,entailment
3451,entailment
3452,entailment
3453,neutral
3454,contradiction
3455,entailment
3456,entailment
3457,contradiction
3458,entailment
3459,entailment
3460,contradiction
3461,entailment
3462,neutral
3463,entailment
3464,contradiction
3465,contradiction
3466,contradiction
3467,contradiction
3468,contradiction
3469,contradiction
3470,entailment
3471,contradiction
3472,contradiction
3473,neutral
3474,neutral
3475,neutral
3476,neutral
3477,entailment
3478,contradiction
3479,neutral
3480,entailment
3481,contradiction
3482,contradiction
3483,neutral
3484,contradiction
3485,contradiction
3486,neutral
3487,contradiction
3488,contradiction
3489,contradiction
3490,contradiction
3491,contradiction
3492,entailment
3493,neutral
3494,entailment
3495,entailment
3496,contradiction
3497,neutral
3498,entailment
3499,contradiction
3500,neutral
3501,entailment
3502,entailment
3503,neutral
3504,entailment
3505,entailment
3506,neutral
3507,entailment
3508,entailment
3509,contradiction
3510,entailment
3511,neutral
3512,contradiction
3513,entailment
3514,entailment
3515,neutral
3516,neutral
3517,entailment
3518,neutral
3519,contradiction
3520,contradiction
3521,neutral
3522,neutral
3523,contradiction
3524,contradiction
3525,contradiction
3526,contradiction
3527,contradiction
3528,entailment
3529,entailment
3530,neutral
3531,contradiction
3532,entailment
3533,contradiction
3534,neutral
3535,entailment
3536,contradiction
3537,entailment
3538,contradiction
3539,entailment
3540,neutral
3541,neutral
3542,entailment
3543,contradiction
3544,entailment
3545,entailment
3546,entailment
3547,entailment
3548,entailment
3549,contradiction
3550,neutral
3551,contradiction
3552,contradiction
3553,contradiction
3554,contradiction
3555,contradiction
3556,entailment
3557,entailment
3558,contradiction
3559,entailment
3560,contradiction
3561,entailment
3562,neutral
3563,neutral
3564,neutral
3565,neutral
3566,contradiction
3567,contradiction
3568,entailment
3569,contradiction
3570,entailment
3571,neutral
3572,neutral
3573,contradiction
3574,contradiction
3575,entailment
3576,entailment
3577,contradiction
3578,entailment
3579,contradiction
3580,contradiction
3581,entailment
3582,neutral
3583,contradiction
3584,entailment
3585,neutral
3586,contradiction
3587,contradiction
3588,neutral
3589,neutral
3590,contradiction
3591,contradiction
3592,neutral
3593,entailment
3594,contradiction
3595,contradiction
3596,contradiction
3597,neutral
3598,contradiction
3599,entailment
3600,neutral
3601,contradiction
3602,neutral
3603,contradiction
3604,entailment
3605,contradiction
3606,neutral
3607,entailment
3608,entailment
3609,contradiction
3610,contradiction
3611,neutral
3612,contradiction
3613,contradiction
3614,entailment
3615,contradiction
3616,neutral
3617,entailment
3618,neutral
3619,neutral
3620,entailment
3621,contradiction
3622,entailment
3623,neutral
3624,contradiction
3625,contradiction
3626,contradiction
3627,entailment
3628,contradiction
3629,contradiction
3630,neutral
3631,entailment
3632,entailment
3633,entailment
3634,entailment
3635,contradiction
3636,entailment
3637,entailment
3638,neutral
3639,entailment
3640,contradiction
3641,contradiction
3642,neutral
3643,contradiction
3644,contradiction
3645,entailment
3646,neutral
3647,contradiction
3648,contradiction
3649,neutral
3650,neutral
3651,contradiction
3652,neutral
3653,contradiction
3654,neutral
3655,entailment
3656,entailment
3657,neutral
3658,neutral
3659,contradiction
3660,entailment
3661,entailment
3662,entailment
3663,neutral
3664,neutral
3665,neutral
3666,entailment
3667,contradiction
3668,contradiction
3669,entailment
3670,entailment
3671,contradiction
3672,contradiction
3673,neutral
3674,contradiction
3675,neutral
3676,contradiction
3677,contradiction
3678,entailment
3679,neutral
3680,entailment
3681,contradiction
3682,contradiction
3683,contradiction
3684,contradiction
3685,neutral
3686,entailment
3687,entailment
3688,contradiction
3689,contradiction
3690,neutral
3691,contradiction
3692,entailment
3693,contradiction
3694,neutral
3695,entailment
3696,entailment
3697,contradiction
3698,contradiction
3699,neutral
3700,contradiction
3701,contradiction
3702,contradiction
3703,entailment
3704,contradiction
3705,contradiction
3706,contradiction
3707,neutral
3708,entailment
3709,neutral
3710,neutral
3711,neutral
3712,neutral
3713,neutral
3714,contradiction
3715,contradiction
3716,neutral
3717,contradiction
3718,entailment
3719,contradiction
3720,neutral
3721,contradiction
3722,neutral
3723,contradiction
3724,entailment
3725,contradiction
3726,neutral
3727,entailment
3728,neutral
3729,entailment
3730,neutral
3731,neutral
3732,neutral
3733,contradiction
3734,entailment
3735,neutral
3736,neutral
3737,entailment
3738,neutral
3739,entailment
3740,entailment
3741,neutral
3742,entailment
3743,neutral
3744,entailment
3745,neutral
3746,neutral
3747,neutral
3748,entailment
3749,contradiction
3750,contradiction
3751,neutral
3752,neutral
3753,contradiction
3754,contradiction
3755,neutral
3756,neutral
3757,entailment
3758,neutral
3759,neutral
3760,neutral
3761,contradiction
3762,contradiction
3763,neutral
3764,neutral
3765,entailment
3766,neutral
3767,entailment
3768,entailment
3769,entailment
3770,entailment
3771,contradiction
3772,contradiction
3773,entailment
3774,entailment
3775,neutral
3776,contradiction
3777,entailment
3778,entailment
3779,entailment
3780,neutral
3781,neutral
3782,neutral
3783,contradiction
3784,neutral
3785,entailment
3786,contradiction
3787,entailment
3788,entailment
3789,entailment
3790,entailment
3791,contradiction
3792,contradiction
3793,entailment
3794,neutral
3795,neutral
3796,entailment
3797,neutral
3798,entailment
3799,entailment
3800,entailment
3801,neutral
3802,neutral
3803,neutral
3804,contradiction
3805,neutral
3806,entailment
3807,entailment
3808,neutral
3809,neutral
3810,entailment
3811,entailment
3812,entailment
3813,entailment
3814,entailment
3815,neutral
3816,entailment
3817,neutral
3818,neutral
3819,contradiction
3820,entailment
3821,entailment
3822,neutral
3823,entailment
3824,neutral
3825,contradiction
3826,contradiction
3827,entailment
3828,contradiction
3829,entailment
3830,contradiction
3831,neutral
3832,entailment
3833,entailment
3834,contradiction
3835,entailment
3836,contradiction
3837,contradiction
3838,entailment
3839,neutral
3840,entailment
3841,contradiction
3842,contradiction
3843,contradiction
3844,neutral
3845,contradiction
3846,entailment
3847,neutral
3848,entailment
3849,entailment
3850,neutral
3851,neutral
3852,contradiction
3853,contradiction
3854,entailment
3855,contradiction
3856,neutral
3857,entailment
3858,neutral
3859,entailment
3860,contradiction
3861,contradiction
3862,contradiction
3863,contradiction
3864,contradiction
3865,contradiction
3866,entailment
3867,contradiction
3868,neutral
3869,contradiction
3870,neutral
3871,entailment
3872,entailment
3873,entailment
3874,entailment
3875,entailment
3876,entailment
3877,entailment
3878,neutral
3879,entailment
3880,contradiction
3881,neutral
3882,entailment
3883,neutral
3884,entailment
3885,contradiction
3886,neutral
3887,entailment
3888,contradiction
3889,entailment
3890,entailment
3891,entailment
3892,contradiction
3893,contradiction
3894,contradiction
3895,neutral
3896,contradiction
3897,neutral
3898,neutral
3899,neutral
3900,neutral
3901,neutral
3902,entailment
3903,contradiction
3904,neutral
3905,neutral
3906,entailment
3907,neutral
3908,entailment
3909,contradiction
3910,contradiction
3911,contradiction
3912,contradiction
3913,contradiction
3914,neutral
3915,entailment
3916,neutral
3917,contradiction
3918,neutral
3919,neutral
3920,entailment
3921,neutral
3922,contradiction
3923,entailment
3924,entailment
3925,contradiction
3926,contradiction
3927,contradiction
3928,entailment
3929,entailment
3930,neutral
3931,neutral
3932,contradiction
3933,neutral
3934,entailment
3935,neutral
3936,contradiction
3937,contradiction
3938,contradiction
3939,neutral
3940,neutral
3941,contradiction
3942,contradiction
3943,neutral
3944,neutral
3945,neutral
3946,entailment
3947,entailment
3948,neutral
3949,neutral
3950,contradiction
3951,entailment
3952,entailment
3953,entailment
3954,contradiction
3955,entailment
3956,entailment
3957,neutral
3958,contradiction
3959,neutral
3960,neutral
3961,entailment
3962,neutral
3963,neutral
3964,neutral
3965,neutral
3966,neutral
3967,neutral
3968,neutral
3969,contradiction
3970,neutral
3971,neutral
3972,entailment
3973,contradiction
3974,neutral
3975,entailment
3976,neutral
3977,neutral
3978,neutral
3979,contradiction
3980,contradiction
3981,entailment
3982,contradiction
3983,neutral
3984,neutral
3985,neutral
3986,entailment
3987,neutral
3988,contradiction
3989,contradiction
3990,contradiction
3991,contradiction
3992,contradiction
3993,contradiction
3994,contradiction
3995,entailment
3996,contradiction
3997,entailment
3998,neutral
3999,contradiction
4000,neutral
4001,neutral
4002,neutral
4003,contradiction
4004,neutral
4005,contradiction
4006,entailment
4007,entailment
4008,contradiction
4009,entailment
4010,entailment
4011,entailment
4012,entailment
4013,contradiction
4014,neutral
4015,neutral
4016,contradiction
4017,neutral
4018,contradiction
4019,entailment
4020,contradiction
4021,contradiction
4022,neutral
4023,entailment
4024,entailment
4025,entailment
4026,entailment
4027,neutral
4028,contradiction
4029,entailment
4030,entailment
4031,entailment
4032,neutral
4033,contradiction
4034,contradiction
4035,entailment
4036,neutral
4037,contradiction
4038,neutral
4039,entailment
4040,contradiction
4041,entailment
4042,entailment
4043,entailment
4044,contradiction
4045,neutral
4046,contradiction
4047,contradiction
4048,contradiction
4049,contradiction
4050,contradiction
4051,contradiction
4052,contradiction
4053,contradiction
4054,contradiction
4055,contradiction
4056,contradiction
4057,contradiction
4058,contradiction
4059,neutral
4060,contradiction
4061,neutral
4062,contradiction
4063,contradiction
4064,neutral
4065,neutral
4066,contradiction
4067,entailment
4068,contradiction
4069,entailment
4070,contradiction
4071,entailment
4072,contradiction
4073,contradiction
4074,entailment
4075,neutral
4076,contradiction
4077,contradiction
4078,contradiction
4079,entailment
4080,neutral
4081,entailment
4082,entailment
4083,contradiction
4084,entailment
4085,neutral
4086,entailment
4087,neutral
4088,contradiction
4089,entailment
4090,contradiction
4091,entailment
4092,contradiction
4093,entailment
4094,entailment
4095,contradiction
4096,contradiction
4097,entailment
4098,neutral
4099,contradiction
4100,contradiction
4101,neutral
4102,entailment
4103,entailment
4104,contradiction
4105,entailment
4106,neutral
4107,contradiction
4108,entailment
4109,neutral
4110,neutral
4111,neutral
4112,neutral
4113,contradiction
4114,contradiction
4115,entailment
4116,contradiction
4117,neutral
4118,contradiction
4119,neutral
4120,entailment
4121,neutral
4122,neutral
4123,neutral
4124,neutral
4125,neutral
4126,neutral
4127,contradiction
4128,neutral
4129,contradiction
4130,contradiction
4131,contradiction
4132,contradiction
4133,entailment
4134,entailment
4135,contradiction
4136,contradiction
4137,neutral
4138,entailment
4139,neutral
4140,contradiction
4141,contradiction
4142,contradiction
4143,contradiction
4144,entailment
4145,contradiction
4146,neutral
4147,contradiction
4148,entailment
4149,contradiction
4150,contradiction
4151,entailment
4152,neutral
4153,neutral
4154,contradiction
4155,contradiction
4156,entailment
4157,entailment
4158,entailment
4159,neutral
4160,contradiction
4161,contradiction
4162,contradiction
4163,entailment
4164,entailment
4165,entailment
4166,entailment
4167,neutral
4168,contradiction
4169,entailment
4170,neutral
4171,entailment
4172,entailment
4173,entailment
4174,entailment
4175,entailment
4176,contradiction
4177,neutral
4178,contradiction
4179,entailment
4180,contradiction
4181,contradiction
4182,entailment
4183,entailment
4184,contradiction
4185,entailment
4186,entailment
4187,neutral
4188,contradiction
4189,entailment
4190,entailment
4191,entailment
4192,entailment
4193,neutral
4194,neutral
4195,neutral
4196,contradiction
4197,neutral
4198,entailment
4199,contradiction
4200,neutral
4201,contradiction
4202,entailment
4203,neutral
4204,contradiction
4205,neutral
4206,entailment
4207,neutral
4208,neutral
4209,entailment
4210,entailment
4211,neutral
4212,neutral
4213,contradiction
4214,contradiction
4215,contradiction
4216,entailment
4217,contradiction
4218,contradiction
4219,neutral
4220,neutral
4221,contradiction
4222,contradiction
4223,entailment
4224,neutral
4225,entailment
4226,entailment
4227,neutral
4228,neutral
4229,neutral
4230,neutral
4231,contradiction
4232,neutral
4233,entailment
4234,neutral
4235,neutral
4236,contradiction
4237,entailment
4238,contradiction
4239,contradiction
4240,contradiction
4241,entailment
4242,contradiction
4243,contradiction
4244,neutral
4245,neutral
4246,entailment
4247,entailment
4248,neutral
4249,contradiction
4250,neutral
4251,contradiction
4252,neutral
4253,neutral
4254,neutral
4255,neutral
4256,contradiction
4257,neutral
4258,contradiction
4259,neutral
4260,entailment
4261,neutral
4262,neutral
4263,neutral
4264,entailment
4265,entailment
4266,contradiction
4267,neutral
4268,contradiction
4269,contradiction
4270,neutral
4271,entailment
4272,contradiction
4273,neutral
4274,contradiction
4275,entailment
4276,neutral
4277,entailment
4278,entailment
4279,neutral
4280,entailment
4281,neutral
4282,contradiction
4283,entailment
4284,neutral
4285,neutral
4286,neutral
4287,neutral
4288,neutral
4289,contradiction
4290,contradiction
4291,contradiction
4292,contradiction
4293,contradiction
4294,entailment
4295,neutral
4296,neutral
4297,neutral
4298,contradiction
4299,entailment
4300,contradiction
4301,entailment
4302,entailment
4303,neutral
4304,entailment
4305,neutral
4306,entailment
4307,neutral
4308,contradiction
4309,contradiction
4310,contradiction
4311,neutral
4312,neutral
4313,contradiction
4314,neutral
4315,contradiction
4316,entailment
4317,entailment
4318,entailment
4319,contradiction
4320,neutral
4321,neutral
4322,contradiction
4323,entailment
4324,neutral
4325,contradiction
4326,entailment
4327,contradiction
4328,entailment
4329,entailment
4330,contradiction
4331,contradiction
4332,contradiction
4333,contradiction
4334,entailment
4335,contradiction
4336,contradiction
4337,neutral
4338,contradiction
4339,neutral
4340,contradiction
4341,entailment
4342,neutral
4343,entailment
4344,entailment
4345,entailment
4346,entailment
4347,entailment
4348,entailment
4349,neutral
4350,entailment
4351,contradiction
4352,neutral
4353,neutral
4354,entailment
4355,contradiction
4356,contradiction
4357,entailment
4358,neutral
4359,entailment
4360,entailment
4361,neutral
4362,contradiction
4363,contradiction
4364,contradiction
4365,contradiction
4366,neutral
4367,neutral
4368,neutral
4369,contradiction
4370,neutral
4371,entailment
4372,entailment
4373,entailment
4374,neutral
4375,neutral
4376,entailment
4377,entailment
4378,contradiction
4379,entailment
4380,contradiction
4381,contradiction
4382,entailment
4383,contradiction
4384,contradiction
4385,entailment
4386,entailment
4387,contradiction
4388,contradiction
4389,neutral
4390,contradiction
4391,contradiction
4392,entailment
4393,contradiction
4394,entailment
4395,entailment
4396,contradiction
4397,contradiction
4398,entailment
4399,entailment
4400,neutral
4401,entailment
4402,entailment
4403,neutral
4404,neutral
4405,entailment
4406,contradiction
4407,contradiction
4408,entailment
4409,entailment
4410,neutral
4411,entailment
4412,entailment
4413,contradiction
4414,entailment
4415,entailment
4416,contradiction
4417,neutral
4418,contradiction
4419,neutral
4420,contradiction
4421,neutral
4422,entailment
4423,neutral
4424,entailment
4425,entailment
4426,contradiction
4427,entailment
4428,entailment
4429,neutral
4430,neutral
4431,contradiction
4432,neutral
4433,neutral
4434,neutral
4435,entailment
4436,entailment
4437,neutral
4438,entailment
4439,neutral
4440,contradiction
4441,neutral
4442,entailment
4443,contradiction
4444,entailment
4445,entailment
4446,entailment
4447,contradiction
4448,contradiction
4449,neutral
4450,entailment
4451,entailment
4452,neutral
4453,contradiction
4454,entailment
4455,neutral
4456,neutral
4457,entailment
4458,entailment
4459,entailment
4460,entailment
4461,contradiction
4462,entailment
4463,neutral
4464,neutral
4465,neutral
4466,entailment
4467,contradiction
4468,entailment
4469,contradiction
4470,entailment
4471,contradiction
4472,neutral
4473,neutral
4474,entailment
4475,entailment
4476,neutral
4477,contradiction
4478,entailment
4479,neutral
4480,contradiction
4481,entailment
4482,contradiction
4483,entailment
4484,entailment
4485,contradiction
4486,neutral
4487,entailment
4488,contradiction
4489,entailment
4490,contradiction
4491,entailment
4492,neutral
4493,contradiction
4494,entailment
4495,entailment
4496,contradiction
4497,neutral
4498,neutral
4499,neutral
4500,entailment
4501,neutral
4502,contradiction
4503,contradiction
4504,contradiction
4505,entailment
4506,neutral
4507,neutral
4508,neutral
4509,neutral
4510,neutral
4511,entailment
4512,neutral
4513,entailment
4514,neutral
4515,contradiction
4516,neutral
4517,neutral
4518,contradiction
4519,entailment
4520,neutral
4521,entailment
4522,entailment
4523,contradiction
4524,entailment
4525,entailment
4526,contradiction
4527,entailment
4528,entailment
4529,contradiction
4530,contradiction
4531,contradiction
4532,contradiction
4533,neutral
4534,neutral
4535,neutral
4536,neutral
4537,neutral
4538,entailment
4539,neutral
4540,neutral
4541,entailment
4542,contradiction
4543,entailment
4544,entailment
4545,entailment
4546,contradiction
4547,neutral
4548,contradiction
4549,entailment
4550,entailment
4551,entailment
4552,neutral
4553,contradiction
4554,neutral
4555,contradiction
4556,neutral
4557,contradiction
4558,entailment
4559,neutral
4560,entailment
4561,neutral
4562,entailment
4563,neutral
4564,entailment
4565,entailment
4566,neutral
4567,neutral
4568,entailment
4569,contradiction
4570,neutral
4571,entailment
4572,entailment
4573,contradiction
4574,neutral
4575,entailment
4576,contradiction
4577,neutral
4578,neutral
4579,entailment
4580,entailment
4581,contradiction
4582,contradiction
4583,entailment
4584,neutral
4585,neutral
4586,contradiction
4587,entailment
4588,entailment
4589,entailment
4590,contradiction
4591,neutral
4592,contradiction
4593,entailment
4594,neutral
4595,neutral
4596,entailment
4597,entailment
4598,entailment
4599,neutral
4600,neutral
4601,neutral
4602,neutral
4603,neutral
4604,neutral
4605,neutral
4606,entailment
4607,entailment
4608,entailment
4609,contradiction
4610,neutral
4611,neutral
4612,contradiction
4613,neutral
4614,neutral
4615,contradiction
4616,contradiction
4617,entailment
4618,entailment
4619,contradiction
4620,neutral
4621,contradiction
4622,neutral
4623,entailment
4624,contradiction
4625,contradiction
4626,neutral
4627,contradiction
4628,entailment
4629,entailment
4630,entailment
4631,contradiction
4632,entailment
4633,entailment
4634,entailment
4635,entailment
4636,neutral
4637,entailment
4638,entailment
4639,entailment
4640,neutral
4641,contradiction
4642,entailment
4643,contradiction
4644,entailment
4645,neutral
4646,contradiction
4647,entailment
4648,contradiction
4649,neutral
4650,entailment
4651,contradiction
4652,contradiction
4653,neutral
4654,neutral
4655,entailment
4656,entailment
4657,entailment
4658,neutral
4659,entailment
4660,neutral
4661,neutral
4662,neutral
4663,entailment
4664,neutral
4665,neutral
4666,neutral
4667,neutral
4668,neutral
4669,neutral
4670,neutral
4671,neutral
4672,entailment
4673,neutral
4674,neutral
4675,entailment
4676,contradiction
4677,entailment
4678,contradiction
4679,contradiction
4680,entailment
4681,entailment
4682,neutral
4683,entailment
4684,entailment
4685,entailment
4686,contradiction
4687,contradiction
4688,contradiction
4689,neutral
4690,neutral
4691,neutral
4692,neutral
4693,entailment
4694,neutral
4695,neutral
4696,entailment
4697,contradiction
4698,neutral
4699,entailment
4700,entailment
4701,entailment
4702,neutral
4703,contradiction
4704,contradiction
4705,contradiction
4706,neutral
4707,contradiction
4708,neutral
4709,entailment
4710,neutral
4711,entailment
4712,entailment
4713,entailment
4714,neutral
4715,contradiction
4716,contradiction
4717,contradiction
4718,contradiction
4719,neutral
4720,contradiction
4721,contradiction
4722,contradiction
4723,neutral
4724,neutral
4725,contradiction
4726,entailment
4727,contradiction
4728,neutral
4729,neutral
4730,entailment
4731,neutral
4732,entailment
4733,contradiction
4734,neutral
4735,entailment
4736,contradiction
4737,entailment
4738,contradiction
4739,neutral
4740,entailment
4741,contradiction
4742,neutral
4743,entailment
4744,neutral
4745,contradiction
4746,entailment
4747,contradiction
4748,contradiction
4749,neutral
4750,entailment
4751,entailment
4752,neutral
4753,neutral
4754,entailment
4755,entailment
4756,entailment
4757,entailment
4758,entailment
4759,entailment
4760,entailment
4761,contradiction
4762,neutral
4763,entailment
4764,contradiction
4765,neutral
4766,entailment
4767,contradiction
4768,entailment
4769,entailment
4770,neutral
4771,entailment
4772,neutral
4773,entailment
4774,contradiction
4775,neutral
4776,entailment
4777,entailment
4778,entailment
4779,contradiction
4780,contradiction
4781,contradiction
4782,entailment
4783,neutral
4784,contradiction
4785,entailment
4786,neutral
4787,neutral
4788,neutral
4789,contradiction
4790,neutral
4791,contradiction
4792,entailment
4793,entailment
4794,entailment
4795,contradiction
4796,entailment
4797,neutral
4798,entailment
4799,neutral
4800,entailment
4801,entailment
4802,contradiction
4803,neutral
4804,neutral
4805,contradiction
4806,contradiction
4807,entailment
4808,entailment
4809,entailment
4810,contradiction
4811,neutral
4812,contradiction
4813,entailment
4814,neutral
4815,neutral
4816,contradiction
4817,entailment
4818,contradiction
4819,entailment
4820,contradiction
4821,entailment
4822,neutral
4823,contradiction
4824,neutral
4825,neutral
4826,entailment
4827,entailment
4828,contradiction
4829,neutral
4830,contradiction
4831,entailment
4832,entailment
4833,contradiction
4834,contradiction
4835,entailment
4836,entailment
4837,entailment
4838,neutral
4839,neutral
4840,entailment
4841,entailment
4842,neutral
4843,neutral
4844,entailment
4845,entailment
4846,neutral
4847,neutral
4848,neutral
4849,neutral
4850,neutral
4851,contradiction
4852,neutral
4853,entailment
4854,neutral
4855,neutral
4856,entailment
4857,contradiction
4858,entailment
4859,contradiction
4860,entailment
4861,neutral
4862,contradiction
4863,neutral
4864,contradiction
4865,contradiction
4866,entailment
4867,neutral
4868,entailment
4869,contradiction
4870,neutral
4871,neutral
4872,entailment
4873,neutral
4874,entailment
4875,neutral
4876,neutral
4877,contradiction
4878,entailment
4879,contradiction
4880,contradiction
4881,contradiction
4882,entailment
4883,contradiction
4884,entailment
4885,contradiction
4886,neutral
4887,contradiction
4888,contradiction
4889,entailment
4890,neutral
4891,neutral
4892,neutral
4893,neutral
4894,entailment
4895,neutral
4896,entailment
4897,entailment
4898,contradiction
4899,entailment
4900,entailment
4901,contradiction
4902,neutral
4903,neutral
4904,neutral
4905,neutral
4906,entailment
4907,neutral
4908,entailment
4909,entailment
4910,contradiction
4911,neutral
4912,neutral
4913,contradiction
4914,contradiction
4915,contradiction
4916,entailment
4917,neutral
4918,neutral
4919,entailment
4920,neutral
4921,entailment
4922,contradiction
4923,contradiction
4924,neutral
4925,entailment
4926,neutral
4927,entailment
4928,entailment
4929,neutral
4930,neutral
4931,entailment
4932,contradiction
4933,entailment
4934,entailment
4935,entailment
4936,neutral
4937,entailment
4938,contradiction
4939,neutral
4940,contradiction
4941,entailment
4942,contradiction
4943,neutral
4944,entailment
4945,entailment
4946,neutral
4947,contradiction
4948,neutral
4949,entailment
4950,contradiction
4951,entailment
4952,entailment
4953,contradiction
4954,entailment
4955,entailment
4956,contradiction
4957,neutral
4958,entailment
4959,contradiction
4960,neutral
4961,entailment
4962,entailment
4963,neutral
4964,neutral
4965,contradiction
4966,contradiction
4967,contradiction
4968,entailment
4969,entailment
4970,contradiction
4971,contradiction
4972,neutral
4973,entailment
4974,neutral
4975,entailment
4976,entailment
4977,contradiction
4978,entailment
4979,entailment
4980,entailment
4981,neutral
4982,entailment
4983,entailment
4984,entailment
4985,entailment
4986,neutral
4987,neutral
4988,entailment
4989,neutral
4990,entailment
4991,entailment
4992,entailment
4993,entailment
4994,neutral
4995,entailment
4996,contradiction
4997,entailment
4998,neutral
4999,neutral
