id,label
20000,neutral
20001,neutral
20002,neutral
20003,neutral
20004,neutral
20005,neutral
20006,neutral
20007,neutral
20008,neutral
20009,neutral
20010,neutral
20011,neutral
20012,neutral
20013,neutral
20014,neutral
20015,neutral
20016,neutral
20017,neutral
20018,neutral
20019,neutral
20020,neutral
20021,neutral
20022,neutral
20023,neutral
20024,neutral
20025,neutral
20026,neutral
20027,neutral
20028,neutral
20029,neutral
20030,neutral
20031,neutral
20032,neutral
20033,neutral
20034,neutral
20035,neutral
20036,neutral
20037,neutral
20038,neutral
20039,neutral
20040,neutral
20041,neutral
20042,neutral
20043,neutral
20044,neutral
20045,neutral
20046,neutral
20047,neutral
20048,neutral
20049,neutral
20050,neutral
20051,neutral
20052,neutral
20053,neutral
20054,neutral
20055,neutral
20056,neutral
20057,neutral
20058,neutral
20059,neutral
20060,neutral
20061,neutral
20062,neutral
20063,neutral
20064,neutral
20065,neutral
20066,neutral
20067,neutral
20068,neutral
20069,neutral
20070,neutral
20071,neutral
20072,neutral
20073,neutral
20074,neutral
20075,neutral
20076,neutral
20077,neutral
20078,neutral
20079,neutral
20080,neutral
20081,neutral
20082,neutral
20083,neutral
20084,neutral
20085,neutral
20086,neutral
20087,neutral
20088,neutral
20089,neutral
20090,neutral
20091,neutral
20092,neutral
20093,neutral
20094,neutral
20095,neutral
20096,neutral
20097,neutral
20098,neutral
20099,neutral
20100,neutral
20101,neutral
20102,neutral
20103,neutral
20104,neutral
20105,neutral
20106,neutral
20107,neutral
20108,neutral
20109,neutral
20110,neutral
20111,neutral
20112,neutral
20113,neutral
20114,neutral
20115,neutral
20116,neutral
20117,neutral
20118,neutral
20119,neutral
20120,neutral
20121,neutral
20122,neutral
20123,neutral
20124,neutral
20125,neutral
20126,neutral
20127,neutral
20128,neutral
20129,neutral
20130,neutral
20131,neutral
20132,neutral
20133,neutral
20134,neutral
20135,neutral
20136,neutral
20137,neutral
20138,neutral
20139,neutral
20140,neutral
20141,neutral
20142,neutral
20143,neutral
20144,neutral
20145,neutral
20146,neutral
20147,neutral
20148,neutral
20149,neutral
20150,neutral
20151,neutral
20152,neutral
20153,neutral
20154,neutral
20155,neutral
20156,neutral
20157,neutral
20158,neutral
20159,neutral
20160,neutral
20161,neutral
20162,neutral
20163,neutral
20164,neutral
20165,neutral
20166,neutral
20167,neutral
20168,neutral
20169,neutral
20170,neutral
20171,neutral
20172,neutral
20173,neutral
20174,neutral
20175,neutral
20176,neutral
20177,neutral
20178,neutral
20179,neutral
20180,neutral
20181,neutral
20182,neutral
20183,neutral
20184,neutral
20185,neutral
20186,neutral
20187,neutral
20188,neutral
20189,neutral
20190,neutral
20191,neutral
20192,neutral
20193,neutral
20194,neutral
20195,neutral
20196,neutral
20197,neutral
20198,neutral
20199,neutral
20200,neutral
20201,neutral
20202,neutral
20203,neutral
20204,neutral
20205,neutral
20206,neutral
20207,neutral
20208,neutral
20209,neutral
20210,neutral
20211,neutral
20212,neutral
20213,neutral
20214,neutral
20215,neutral
20216,neutral
20217,neutral
20218,neutral
20219,neutral
20220,neutral
20221,neutral
20222,neutral
20223,neutral
20224,neutral
20225,neutral
20226,neutral
20227,neutral
20228,neutral
20229,neutral
20230,neutral
20231,neutral
20232,neutral
20233,neutral
20234,neutral
20235,neutral
20236,neutral
20237,neutral
20238,neutral
20239,neutral
20240,neutral
20241,neutral
20242,neutral
20243,neutral
20244,neutral
20245,neutral
20246,neutral
20247,neutral
20248,neutral
20249,neutral
20250,neutral
20251,neutral
20252,neutral
20253,neutral
20254,neutral
20255,neutral
20256,neutral
20257,neutral
20258,neutral
20259,neutral
20260,neutral
20261,neutral
20262,neutral
20263,neutral
20264,neutral
20265,neutral
20266,neutral
20267,neutral
20268,neutral
20269,neutral
20270,neutral
20271,neutral
20272,neutral
20273,neutral
20274,neutral
20275,neutral
20276,neutral
20277,neutral
20278,neutral
20279,neutral
20280,neutral
20281,neutral
20282,neutral
20283,neutral
20284,neutral
20285,neutral
20286,neutral
20287,neutral
20288,neutral
20289,neutral
20290,neutral
20291,neutral
20292,neutral
20293,neutral
20294,neutral
20295,neutral
20296,neutral
20297,neutral
20298,neutral
20299,neutral
20300,neutral
20301,neutral
20302,neutral
20303,neutral
20304,neutral
20305,neutral
20306,neutral
20307,neutral
20308,neutral
20309,neutral
20310,neutral
20311,neutral
20312,neutral
20313,neutral
20314,neutral
20315,neutral
20316,neutral
20317,neutral
20318,neutral
20319,neutral
20320,neutral
20321,neutral
20322,neutral
20323,neutral
20324,neutral
20325,neutral
20326,neutral
20327,neutral
20328,neutral
20329,neutral
20330,neutral
20331,neutral
20332,neutral
20333,neutral
20334,neutral
20335,neutral
20336,neutral
20337,neutral
20338,neutral
20339,neutral
20340,neutral
20341,neutral
20342,neutral
20343,neutral
20344,neutral
20345,neutral
20346,neutral
20347,neutral
20348,neutral
20349,neutral
20350,neutral
20351,neutral
20352,neutral
20353,neutral
20354,neutral
20355,neutral
20356,neutral
20357,neutral
20358,neutral
20359,neutral
20360,neutral
20361,neutral
20362,neutral
20363,neutral
20364,neutral
20365,neutral
20366,neutral
20367,neutral
20368,neutral
20369,neutral
20370,neutral
20371,neutral
20372,neutral
20373,neutral
20374,neutral
20375,neutral
20376,neutral
20377,neutral
20378,neutral
20379,neutral
20380,neutral
20381,neutral
20382,neutral
20383,neutral
20384,neutral
20385,neutral
20386,neutral
20387,neutral
20388,neutral
20389,neutral
20390,neutral
20391,neutral
20392,neutral
20393,neutral
20394,neutral
20395,neutral
20396,neutral
20397,neutral
20398,neutral
20399,neutral
20400,neutral
20401,neutral
20402,neutral
20403,neutral
20404,neutral
20405,neutral
20406,neutral
20407,neutral
20408,neutral
20409,neutral
20410,neutral
20411,neutral
20412,neutral
20413,neutral
20414,neutral
20415,neutral
20416,neutral
20417,neutral
20418,neutral
20419,neutral
20420,neutral
20421,neutral
20422,neutral
20423,neutral
20424,neutral
20425,neutral
20426,neutral
20427,neutral
20428,neutral
20429,neutral
20430,neutral
20431,neutral
20432,neutral
20433,neutral
20434,neutral
20435,neutral
20436,neutral
20437,neutral
20438,neutral
20439,neutral
20440,neutral
20441,neutral
20442,neutral
20443,neutral
20444,neutral
20445,neutral
20446,neutral
20447,neutral
20448,neutral
20449,neutral
20450,neutral
20451,neutral
20452,neutral
20453,neutral
20454,neutral
20455,neutral
20456,neutral
20457,neutral
20458,neutral
20459,neutral
20460,neutral
20461,neutral
20462,neutral
20463,neutral
20464,neutral
20465,neutral
20466,neutral
20467,neutral
20468,neutral
20469,neutral
20470,neutral
20471,neutral
20472,neutral
20473,neutral
20474,neutral
20475,neutral
20476,neutral
20477,neutral
20478,neutral
20479,neutral
20480,neutral
20481,neutral
20482,neutral
20483,neutral
20484,neutral
20485,neutral
20486,neutral
20487,neutral
20488,neutral
20489,neutral
20490,neutral
20491,neutral
20492,neutral
20493,neutral
20494,neutral
20495,neutral
20496,neutral
20497,neutral
20498,neutral
20499,neutral
20500,neutral
20501,neutral
20502,neutral
20503,neutral
20504,neutral
20505,neutral
20506,neutral
20507,neutral
20508,neutral
20509,neutral
20510,neutral
20511,neutral
20512,neutral
20513,neutral
20514,neutral
20515,neutral
20516,neutral
20517,neutral
20518,neutral
20519,neutral
20520,neutral
20521,neutral
20522,neutral
20523,neutral
20524,neutral
20525,neutral
20526,neutral
20527,neutral
20528,neutral
20529,neutral
20530,neutral
20531,neutral
20532,neutral
20533,neutral
20534,neutral
20535,neutral
20536,neutral
20537,neutral
20538,neutral
20539,neutral
20540,neutral
20541,neutral
20542,neutral
20543,neutral
20544,neutral
20545,neutral
20546,neutral
20547,neutral
20548,neutral
20549,neutral
20550,neutral
20551,neutral
20552,neutral
20553,neutral
20554,neutral
20555,neutral
20556,neutral
20557,neutral
20558,neutral
20559,neutral
20560,neutral
20561,neutral
20562,neutral
20563,neutral
20564,neutral
20565,neutral
20566,neutral
20567,neutral
20568,neutral
20569,neutral
20570,neutral
20571,neutral
20572,neutral
20573,neutral
20574,neutral
20575,neutral
20576,neutral
20577,neutral
20578,neutral
20579,neutral
20580,neutral
20581,neutral
20582,neutral
20583,neutral
20584,neutral
20585,neutral
20586,neutral
20587,neutral
20588,neutral
20589,neutral
20590,neutral
20591,neutral
20592,neutral
20593,neutral
20594,neutral
20595,neutral
20596,neutral
20597,neutral
20598,neutral
20599,neutral
20600,neutral
20601,neutral
20602,neutral
20603,neutral
20604,neutral
20605,neutral
20606,neutral
20607,neutral
20608,neutral
20609,neutral
20610,neutral
20611,neutral
20612,neutral
20613,neutral
20614,neutral
20615,neutral
20616,neutral
20617,neutral
20618,neutral
20619,neutral
20620,neutral
20621,neutral
20622,neutral
20623,neutral
20624,neutral
20625,neutral
20626,neutral
20627,neutral
20628,neutral
20629,neutral
20630,neutral
20631,neutral
20632,neutral
20633,neutral
20634,neutral
20635,neutral
20636,neutral
20637,neutral
20638,neutral
20639,neutral
20640,neutral
20641,neutral
20642,neutral
20643,neutral
20644,neutral
20645,neutral
20646,neutral
20647,neutral
20648,neutral
20649,neutral
20650,neutral
20651,neutral
20652,neutral
20653,neutral
20654,neutral
20655,neutral
20656,neutral
20657,neutral
20658,neutral
20659,neutral
20660,neutral
20661,neutral
20662,neutral
20663,neutral
20664,neutral
20665,neutral
20666,neutral
20667,neutral
20668,neutral
20669,neutral
20670,neutral
20671,neutral
20672,neutral
20673,neutral
20674,neutral
20675,neutral
20676,neutral
20677,neutral
20678,neutral
20679,neutral
20680,neutral
20681,neutral
20682,neutral
20683,neutral
20684,neutral
20685,neutral
20686,neutral
20687,neutral
20688,neutral
20689,neutral
20690,neutral
20691,neutral
20692,neutral
20693,neutral
20694,neutral
20695,neutral
20696,neutral
20697,neutral
20698,neutral
20699,neutral
20700,neutral
20701,neutral
20702,neutral
20703,neutral
20704,neutral
20705,neutral
20706,neutral
20707,neutral
20708,neutral
20709,neutral
20710,neutral
20711,neutral
20712,neutral
20713,neutral
20714,neutral
20715,neutral
20716,neutral
20717,neutral
20718,neutral
20719,neutral
20720,neutral
20721,neutral
20722,neutral
20723,neutral
20724,neutral
20725,neutral
20726,neutral
20727,neutral
20728,neutral
20729,neutral
20730,neutral
20731,neutral
20732,neutral
20733,neutral
20734,neutral
20735,neutral
20736,neutral
20737,neutral
20738,neutral
20739,neutral
20740,neutral
20741,neutral
20742,neutral
20743,neutral
20744,neutral
20745,neutral
20746,neutral
20747,neutral
20748,neutral
20749,neutral
20750,neutral
20751,neutral
20752,neutral
20753,neutral
20754,neutral
20755,neutral
20756,neutral
20757,neutral
20758,neutral
20759,neutral
20760,neutral
20761,neutral
20762,neutral
20763,neutral
20764,neutral
20765,neutral
20766,neutral
20767,neutral
20768,neutral
20769,neutral
20770,neutral
20771,neutral
20772,neutral
20773,neutral
20774,neutral
20775,neutral
20776,neutral
20777,neutral
20778,neutral
20779,neutral
20780,neutral
20781,neutral
20782,neutral
20783,neutral
20784,neutral
20785,neutral
20786,neutral
20787,neutral
20788,neutral
20789,neutral
20790,neutral
20791,neutral
20792,neutral
20793,neutral
20794,neutral
20795,neutral
20796,neutral
20797,neutral
20798,neutral
20799,neutral
20800,neutral
20801,neutral
20802,neutral
20803,neutral
20804,neutral
20805,neutral
20806,neutral
20807,neutral
20808,neutral
20809,neutral
20810,neutral
20811,neutral
20812,neutral
20813,neutral
20814,neutral
20815,neutral
20816,neutral
20817,neutral
20818,neutral
20819,neutral
20820,neutral
20821,neutral
20822,neutral
20823,neutral
20824,neutral
20825,neutral
20826,neutral
20827,neutral
20828,neutral
20829,neutral
20830,neutral
20831,neutral
20832,neutral
20833,neutral
20834,neutral
20835,neutral
20836,neutral
20837,neutral
20838,neutral
20839,neutral
20840,neutral
20841,neutral
20842,neutral
20843,neutral
20844,neutral
20845,neutral
20846,neutral
20847,neutral
20848,neutral
20849,neutral
20850,neutral
20851,neutral
20852,neutral
20853,neutral
20854,neutral
20855,neutral
20856,neutral
20857,neutral
20858,neutral
20859,neutral
20860,neutral
20861,neutral
20862,neutral
20863,neutral
20864,neutral
20865,neutral
20866,neutral
20867,neutral
20868,neutral
20869,neutral
20870,neutral
20871,neutral
20872,neutral
20873,neutral
20874,neutral
20875,neutral
20876,neutral
20877,neutral
20878,neutral
20879,neutral
20880,neutral
20881,neutral
20882,neutral
20883,neutral
20884,neutral
20885,neutral
20886,neutral
20887,neutral
20888,neutral
20889,neutral
20890,neutral
20891,neutral
20892,neutral
20893,neutral
20894,neutral
20895,neutral
20896,neutral
20897,neutral
20898,neutral
20899,neutral
20900,neutral
20901,neutral
20902,neutral
20903,neutral
20904,neutral
20905,neutral
20906,neutral
20907,neutral
20908,neutral
20909,neutral
20910,neutral
20911,neutral
20912,neutral
20913,neutral
20914,neutral
20915,neutral
20916,neutral
20917,neutral
20918,neutral
20919,neutral
20920,neutral
20921,neutral
20922,neutral
20923,neutral
20924,neutral
20925,neutral
20926,neutral
20927,neutral
20928,neutral
20929,neutral
20930,neutral
20931,neutral
20932,neutral
20933,neutral
20934,neutral
20935,neutral
20936,neutral
20937,neutral
20938,neutral
20939,neutral
20940,neutral
20941,neutral
20942,neutral
20943,neutral
20944,neutral
20945,neutral
20946,neutral
20947,neutral
20948,neutral
20949,neutral
20950,neutral
20951,neutral
20952,neutral
20953,neutral
20954,neutral
20955,neutral
20956,neutral
20957,neutral
20958,neutral
20959,neutral
20960,neutral
20961,neutral
20962,neutral
20963,neutral
20964,neutral
20965,neutral
20966,neutral
20967,neutral
20968,neutral
20969,neutral
20970,neutral
20971,neutral
20972,neutral
20973,neutral
20974,neutral
20975,neutral
20976,neutral
20977,neutral
20978,neutral
20979,neutral
20980,neutral
20981,neutral
20982,neutral
20983,neutral
20984,neutral
20985,neutral
20986,neutral
20987,neutral
20988,neutral
20989,neutral
20990,neutral
20991,neutral
20992,neutral
20993,neutral
20994,neutral
20995,neutral
20996,neutral
20997,neutral
20998,neutral
20999,neutral
21000,neutral
21001,neutral
21002,neutral
21003,neutral
21004,neutral
21005,neutral
21006,neutral
21007,neutral
21008,neutral
21009,neutral
21010,neutral
21011,neutral
21012,neutral
21013,neutral
21014,neutral
21015,neutral
21016,neutral
21017,neutral
21018,neutral
21019,neutral
21020,neutral
21021,neutral
21022,neutral
21023,neutral
21024,neutral
21025,neutral
21026,neutral
21027,neutral
21028,neutral
21029,neutral
21030,neutral
21031,neutral
21032,neutral
21033,neutral
21034,neutral
21035,neutral
21036,neutral
21037,neutral
21038,neutral
21039,neutral
21040,neutral
21041,neutral
21042,neutral
21043,neutral
21044,neutral
21045,neutral
21046,neutral
21047,neutral
21048,neutral
21049,neutral
21050,neutral
21051,neutral
21052,neutral
21053,neutral
21054,neutral
21055,neutral
21056,neutral
21057,neutral
21058,neutral
21059,neutral
21060,neutral
21061,neutral
21062,neutral
21063,neutral
21064,neutral
21065,neutral
21066,neutral
21067,neutral
21068,neutral
21069,neutral
21070,neutral
21071,neutral
21072,neutral
21073,neutral
21074,neutral
21075,neutral
21076,neutral
21077,neutral
21078,neutral
21079,neutral
21080,neutral
21081,neutral
21082,neutral
21083,neutral
21084,neutral
21085,neutral
21086,neutral
21087,neutral
21088,neutral
21089,neutral
21090,neutral
21091,neutral
21092,neutral
21093,neutral
21094,neutral
21095,neutral
21096,neutral
21097,neutral
21098,neutral
21099,neutral
21100,neutral
21101,neutral
21102,neutral
21103,neutral
21104,neutral
21105,neutral
21106,neutral
21107,neutral
21108,neutral
21109,neutral
21110,neutral
21111,neutral
21112,neutral
21113,neutral
21114,neutral
21115,neutral
21116,neutral
21117,neutral
21118,neutral
21119,neutral
21120,neutral
21121,neutral
21122,neutral
21123,neutral
21124,neutral
21125,neutral
21126,neutral
21127,neutral
21128,neutral
21129,neutral
21130,neutral
21131,neutral
21132,neutral
21133,neutral
21134,neutral
21135,neutral
21136,neutral
21137,neutral
21138,neutral
21139,neutral
21140,neutral
21141,neutral
21142,neutral
21143,neutral
21144,neutral
21145,neutral
21146,neutral
21147,neutral
21148,neutral
21149,neutral
21150,neutral
21151,neutral
21152,neutral
21153,neutral
21154,neutral
21155,neutral
21156,neutral
21157,neutral
21158,neutral
21159,neutral
21160,neutral
21161,neutral
21162,neutral
21163,neutral
21164,neutral
21165,neutral
21166,neutral
21167,neutral
21168,neutral
21169,neutral
21170,neutral
21171,neutral
21172,neutral
21173,neutral
21174,neutral
21175,neutral
21176,neutral
21177,neutral
21178,neutral
21179,neutral
21180,neutral
21181,neutral
21182,neutral
21183,neutral
21184,neutral
21185,neutral
21186,neutral
21187,neutral
21188,neutral
21189,neutral
21190,neutral
21191,neutral
21192,neutral
21193,neutral
21194,neutral
21195,neutral
21196,neutral
21197,neutral
21198,neutral
21199,neutral
21200,neutral
21201,neutral
21202,neutral
21203,neutral
21204,neutral
21205,neutral
21206,neutral
21207,neutral
21208,neutral
21209,neutral
21210,neutral
21211,neutral
21212,neutral
21213,neutral
21214,neutral
21215,neutral
21216,neutral
21217,neutral
21218,neutral
21219,neutral
21220,neutral
21221,neutral
21222,neutral
21223,neutral
21224,neutral
21225,neutral
21226,neutral
21227,neutral
21228,neutral
21229,neutral
21230,neutral
21231,neutral
21232,neutral
21233,neutral
21234,neutral
21235,neutral
21236,neutral
21237,neutral
21238,neutral
21239,neutral
21240,neutral
21241,neutral
21242,neutral
21243,neutral
21244,neutral
21245,neutral
21246,neutral
21247,neutral
21248,neutral
21249,neutral
21250,neutral
21251,neutral
21252,neutral
21253,neutral
21254,neutral
21255,neutral
21256,neutral
21257,neutral
21258,neutral
21259,neutral
21260,neutral
21261,neutral
21262,neutral
21263,neutral
21264,neutral
21265,neutral
21266,neutral
21267,neutral
21268,neutral
21269,neutral
21270,neutral
21271,neutral
21272,neutral
21273,neutral
21274,neutral
21275,neutral
21276,neutral
21277,neutral
21278,neutral
21279,neutral
21280,neutral
21281,neutral
21282,neutral
21283,neutral
21284,neutral
21285,neutral
21286,neutral
21287,neutral
21288,neutral
21289,neutral
21290,neutral
21291,neutral
21292,neutral
21293,neutral
21294,neutral
21295,neutral
21296,neutral
21297,neutral
21298,neutral
21299,neutral
21300,neutral
21301,neutral
21302,neutral
21303,neutral
21304,neutral
21305,neutral
21306,neutral
21307,neutral
21308,neutral
21309,neutral
21310,neutral
21311,neutral
21312,neutral
21313,neutral
21314,neutral
21315,neutral
21316,neutral
21317,neutral
21318,neutral
21319,neutral
21320,neutral
21321,neutral
21322,neutral
21323,neutral
21324,neutral
21325,neutral
21326,neutral
21327,neutral
21328,neutral
21329,neutral
21330,neutral
21331,neutral
21332,neutral
21333,neutral
21334,neutral
21335,neutral
21336,neutral
21337,neutral
21338,neutral
21339,neutral
21340,neutral
21341,neutral
21342,neutral
21343,neutral
21344,neutral
21345,neutral
21346,neutral
21347,neutral
21348,neutral
21349,neutral
21350,neutral
21351,neutral
21352,neutral
21353,neutral
21354,neutral
21355,neutral
21356,neutral
21357,neutral
21358,neutral
21359,neutral
21360,neutral
21361,neutral
21362,neutral
21363,neutral
21364,neutral
21365,neutral
21366,neutral
21367,neutral
21368,neutral
21369,neutral
21370,neutral
21371,neutral
21372,neutral
21373,neutral
21374,neutral
21375,neutral
21376,neutral
21377,neutral
21378,neutral
21379,neutral
21380,neutral
21381,neutral
21382,neutral
21383,neutral
21384,neutral
21385,neutral
21386,neutral
21387,neutral
21388,neutral
21389,neutral
21390,neutral
21391,neutral
21392,neutral
21393,neutral
21394,neutral
21395,neutral
21396,neutral
21397,neutral
21398,neutral
21399,neutral
21400,neutral
21401,neutral
21402,neutral
21403,neutral
21404,neutral
21405,neutral
21406,neutral
21407,neutral
21408,neutral
21409,neutral
21410,neutral
21411,neutral
21412,neutral
21413,neutral
21414,neutral
21415,neutral
21416,neutral
21417,neutral
21418,neutral
21419,neutral
21420,neutral
21421,neutral
21422,neutral
21423,neutral
21424,neutral
21425,neutral
21426,neutral
21427,neutral
21428,neutral
21429,neutral
21430,neutral
21431,neutral
21432,neutral
21433,neutral
21434,neutral
21435,neutral
21436,neutral
21437,neutral
21438,neutral
21439,neutral
21440,neutral
21441,neutral
21442,neutral
21443,neutral
21444,neutral
21445,neutral
21446,neutral
21447,neutral
21448,neutral
21449,neutral
21450,neutral
21451,neutral
21452,neutral
21453,neutral
21454,neutral
21455,neutral
21456,neutral
21457,neutral
21458,neutral
21459,neutral
21460,neutral
21461,neutral
21462,neutral
21463,neutral
21464,neutral
21465,neutral
21466,neutral
21467,neutral
21468,neutral
21469,neutral
21470,neutral
21471,neutral
21472,neutral
21473,neutral
21474,neutral
21475,neutral
21476,neutral
21477,neutral
21478,neutral
21479,neutral
21480,neutral
21481,neutral
21482,neutral
21483,neutral
21484,neutral
21485,neutral
21486,neutral
21487,neutral
21488,neutral
21489,neutral
21490,neutral
21491,neutral
21492,neutral
21493,neutral
21494,neutral
21495,neutral
21496,neutral
21497,neutral
21498,neutral
21499,neutral
21500,neutral
21501,neutral
21502,neutral
21503,neutral
21504,neutral
21505,neutral
21506,neutral
21507,neutral
21508,neutral
21509,neutral
21510,neutral
21511,neutral
21512,neutral
21513,neutral
21514,neutral
21515,neutral
21516,neutral
21517,neutral
21518,neutral
21519,neutral
21520,neutral
21521,neutral
21522,neutral
21523,neutral
21524,neutral
21525,neutral
21526,neutral
21527,neutral
21528,neutral
21529,neutral
21530,neutral
21531,neutral
21532,neutral
21533,neutral
21534,neutral
21535,neutral
21536,neutral
21537,neutral
21538,neutral
21539,neutral
21540,neutral
21541,neutral
21542,neutral
21543,neutral
21544,neutral
21545,neutral
21546,neutral
21547,neutral
21548,neutral
21549,neutral
21550,neutral
21551,neutral
21552,neutral
21553,neutral
21554,neutral
21555,neutral
21556,neutral
21557,neutral
21558,neutral
21559,neutral
21560,neutral
21561,neutral
21562,neutral
21563,neutral
21564,neutral
21565,neutral
21566,neutral
21567,neutral
21568,neutral
21569,neutral
21570,neutral
21571,neutral
21572,neutral
21573,neutral
21574,neutral
21575,neutral
21576,neutral
21577,neutral
21578,neutral
21579,neutral
21580,neutral
21581,neutral
21582,neutral
21583,neutral
21584,neutral
21585,neutral
21586,neutral
21587,neutral
21588,neutral
21589,neutral
21590,neutral
21591,neutral
21592,neutral
21593,neutral
21594,neutral
21595,neutral
21596,neutral
21597,neutral
21598,neutral
21599,neutral
21600,neutral
21601,neutral
21602,neutral
21603,neutral
21604,neutral
21605,neutral
21606,neutral
21607,neutral
21608,neutral
21609,neutral
21610,neutral
21611,neutral
21612,neutral
21613,neutral
21614,neutral
21615,neutral
21616,neutral
21617,neutral
21618,neutral
21619,neutral
21620,neutral
21621,neutral
21622,neutral
21623,neutral
21624,neutral
21625,neutral
21626,neutral
21627,neutral
21628,neutral
21629,neutral
21630,neutral
21631,neutral
21632,neutral
21633,neutral
21634,neutral
21635,neutral
21636,neutral
21637,neutral
21638,neutral
21639,neutral
21640,neutral
21641,neutral
21642,neutral
21643,neutral
21644,neutral
21645,neutral
21646,neutral
21647,neutral
21648,neutral
21649,neutral
21650,neutral
21651,neutral
21652,neutral
21653,neutral
21654,neutral
21655,neutral
21656,neutral
21657,neutral
21658,neutral
21659,neutral
21660,neutral
21661,neutral
21662,neutral
21663,neutral
21664,neutral
21665,neutral
21666,neutral
21667,neutral
21668,neutral
21669,neutral
21670,neutral
21671,neutral
21672,neutral
21673,neutral
21674,neutral
21675,neutral
21676,neutral
21677,neutral
21678,neutral
21679,neutral
21680,neutral
21681,neutral
21682,neutral
21683,neutral
21684,neutral
21685,neutral
21686,neutral
21687,neutral
21688,neutral
21689,neutral
21690,neutral
21691,neutral
21692,neutral
21693,neutral
21694,neutral
21695,neutral
21696,neutral
21697,neutral
21698,neutral
21699,neutral
21700,neutral
21701,neutral
21702,neutral
21703,neutral
21704,neutral
21705,neutral
21706,neutral
21707,neutral
21708,neutral
21709,neutral
21710,neutral
21711,neutral
21712,neutral
21713,neutral
21714,neutral
21715,neutral
21716,neutral
21717,neutral
21718,neutral
21719,neutral
21720,neutral
21721,neutral
21722,neutral
21723,neutral
21724,neutral
21725,neutral
21726,neutral
21727,neutral
21728,neutral
21729,neutral
21730,neutral
21731,neutral
21732,neutral
21733,neutral
21734,neutral
21735,neutral
21736,neutral
21737,neutral
21738,neutral
21739,neutral
21740,neutral
21741,neutral
21742,neutral
21743,neutral
21744,neutral
21745,neutral
21746,neutral
21747,neutral
21748,neutral
21749,neutral
21750,neutral
21751,neutral
21752,neutral
21753,neutral
21754,neutral
21755,neutral
21756,neutral
21757,neutral
21758,neutral
21759,neutral
21760,neutral
21761,neutral
21762,neutral
21763,neutral
21764,neutral
21765,neutral
21766,neutral
21767,neutral
21768,neutral
21769,neutral
21770,neutral
21771,neutral
21772,neutral
21773,neutral
21774,neutral
21775,neutral
21776,neutral
21777,neutral
21778,neutral
21779,neutral
21780,neutral
21781,neutral
21782,neutral
21783,neutral
21784,neutral
21785,neutral
21786,neutral
21787,neutral
21788,neutral
21789,neutral
21790,neutral
21791,neutral
21792,neutral
21793,neutral
21794,neutral
21795,neutral
21796,neutral
21797,neutral
21798,neutral
21799,neutral
21800,neutral
21801,neutral
21802,neutral
21803,neutral
21804,neutral
21805,neutral
21806,neutral
21807,neutral
21808,neutral
21809,neutral
21810,neutral
21811,neutral
21812,neutral
21813,neutral
21814,neutral
21815,neutral
21816,neutral
21817,neutral
21818,neutral
21819,neutral
21820,neutral
21821,neutral
21822,neutral
21823,neutral
21824,neutral
21825,neutral
21826,neutral
21827,neutral
21828,neutral
21829,neutral
21830,neutral
21831,neutral
21832,neutral
21833,neutral
21834,neutral
21835,neutral
21836,neutral
21837,neutral
21838,neutral
21839,neutral
21840,neutral
21841,neutral
21842,neutral
21843,neutral
21844,neutral
21845,neutral
21846,neutral
21847,neutral
21848,neutral
21849,neutral
21850,neutral
21851,neutral
21852,neutral
21853,neutral
21854,neutral
21855,neutral
21856,neutral
21857,neutral
21858,neutral
21859,neutral
21860,neutral
21861,neutral
21862,neutral
21863,neutral
21864,neutral
21865,neutral
21866,neutral
21867,neutral
21868,neutral
21869,neutral
21870,neutral
21871,neutral
21872,neutral
21873,neutral
21874,neutral
21875,neutral
21876,neutral
21877,neutral
21878,neutral
21879,neutral
21880,neutral
21881,neutral
21882,neutral
21883,neutral
21884,neutral
21885,neutral
21886,neutral
21887,neutral
21888,neutral
21889,neutral
21890,neutral
21891,neutral
21892,neutral
21893,neutral
21894,neutral
21895,neutral
21896,neutral
21897,neutral
21898,neutral
21899,neutral
21900,neutral
21901,neutral
21902,neutral
21903,neutral
21904,neutral
21905,neutral
21906,neutral
21907,neutral
21908,neutral
21909,neutral
21910,neutral
21911,neutral
21912,neutral
21913,neutral
21914,neutral
21915,neutral
21916,neutral
21917,neutral
21918,neutral
21919,neutral
21920,neutral
21921,neutral
21922,neutral
21923,neutral
21924,neutral
21925,neutral
21926,neutral
21927,neutral
21928,neutral
21929,neutral
21930,neutral
21931,neutral
21932,neutral
21933,neutral
21934,neutral
21935,neutral
21936,neutral
21937,neutral
21938,neutral
21939,neutral
21940,neutral
21941,neutral
21942,neutral
21943,neutral
21944,neutral
21945,neutral
21946,neutral
21947,neutral
21948,neutral
21949,neutral
21950,neutral
21951,neutral
21952,neutral
21953,neutral
21954,neutral
21955,neutral
21956,neutral
21957,neutral
21958,neutral
21959,neutral
21960,neutral
21961,neutral
21962,neutral
21963,neutral
21964,neutral
21965,neutral
21966,neutral
21967,neutral
21968,neutral
21969,neutral
21970,neutral
21971,neutral
21972,neutral
21973,neutral
21974,neutral
21975,neutral
21976,neutral
21977,neutral
21978,neutral
21979,neutral
21980,neutral
21981,neutral
21982,neutral
21983,neutral
21984,neutral
21985,neutral
21986,neutral
21987,neutral
21988,neutral
21989,neutral
21990,neutral
21991,neutral
21992,neutral
21993,neutral
21994,neutral
21995,neutral
21996,neutral
21997,neutral
21998,neutral
21999,neutral
22000,neutral
22001,neutral
22002,neutral
22003,neutral
22004,neutral
22005,neutral
22006,neutral
22007,neutral
22008,neutral
22009,neutral
22010,neutral
22011,neutral
22012,neutral
22013,neutral
22014,neutral
22015,neutral
22016,neutral
22017,neutral
22018,neutral
22019,neutral
22020,neutral
22021,neutral
22022,neutral
22023,neutral
22024,neutral
22025,neutral
22026,neutral
22027,neutral
22028,neutral
22029,neutral
22030,neutral
22031,neutral
22032,neutral
22033,neutral
22034,neutral
22035,neutral
22036,neutral
22037,neutral
22038,neutral
22039,neutral
22040,neutral
22041,neutral
22042,neutral
22043,neutral
22044,neutral
22045,neutral
22046,neutral
22047,neutral
22048,neutral
22049,neutral
22050,neutral
22051,neutral
22052,neutral
22053,neutral
22054,neutral
22055,neutral
22056,neutral
22057,neutral
22058,neutral
22059,neutral
22060,neutral
22061,neutral
22062,neutral
22063,neutral
22064,neutral
22065,neutral
22066,neutral
22067,neutral
22068,neutral
22069,neutral
22070,neutral
22071,neutral
22072,neutral
22073,neutral
22074,neutral
22075,neutral
22076,neutral
22077,neutral
22078,neutral
22079,neutral
22080,neutral
22081,neutral
22082,neutral
22083,neutral
22084,neutral
22085,neutral
22086,neutral
22087,neutral
22088,neutral
22089,neutral
22090,neutral
22091,neutral
22092,neutral
22093,neutral
22094,neutral
22095,neutral
22096,neutral
22097,neutral
22098,neutral
22099,neutral
22100,neutral
22101,neutral
22102,neutral
22103,neutral
22104,neutral
22105,neutral
22106,neutral
22107,neutral
22108,neutral
22109,neutral
22110,neutral
22111,neutral
22112,neutral
22113,neutral
22114,neutral
22115,neutral
22116,neutral
22117,neutral
22118,neutral
22119,neutral
22120,neutral
22121,neutral
22122,neutral
22123,neutral
22124,neutral
22125,neutral
22126,neutral
22127,neutral
22128,neutral
22129,neutral
22130,neutral
22131,neutral
22132,neutral
22133,neutral
22134,neutral
22135,neutral
22136,neutral
22137,neutral
22138,neutral
22139,neutral
22140,neutral
22141,neutral
22142,neutral
22143,neutral
22144,neutral
22145,neutral
22146,neutral
22147,neutral
22148,neutral
22149,neutral
22150,neutral
22151,neutral
22152,neutral
22153,neutral
22154,neutral
22155,neutral
22156,neutral
22157,neutral
22158,neutral
22159,neutral
22160,neutral
22161,neutral
22162,neutral
22163,neutral
22164,neutral
22165,neutral
22166,neutral
22167,neutral
22168,neutral
22169,neutral
22170,neutral
22171,neutral
22172,neutral
22173,neutral
22174,neutral
22175,neutral
22176,neutral
22177,neutral
22178,neutral
22179,neutral
22180,neutral
22181,neutral
22182,neutral
22183,neutral
22184,neutral
22185,neutral
22186,neutral
22187,neutral
22188,neutral
22189,neutral
22190,neutral
22191,neutral
22192,neutral
22193,neutral
22194,neutral
22195,neutral
22196,neutral
22197,neutral
22198,neutral
22199,neutral
22200,neutral
22201,neutral
22202,neutral
22203,neutral
22204,neutral
22205,neutral
22206,neutral
22207,neutral
22208,neutral
22209,neutral
22210,neutral
22211,neutral
22212,neutral
22213,neutral
22214,neutral
22215,neutral
22216,neutral
22217,neutral
22218,neutral
22219,neutral
22220,neutral
22221,neutral
22222,neutral
22223,neutral
22224,neutral
22225,neutral
22226,neutral
22227,neutral
22228,neutral
22229,neutral
22230,neutral
22231,neutral
22232,neutral
22233,neutral
22234,neutral
22235,neutral
22236,neutral
22237,neutral
22238,neutral
22239,neutral
22240,neutral
22241,neutral
22242,neutral
22243,neutral
22244,neutral
22245,neutral
22246,neutral
22247,neutral
22248,neutral
22249,neutral
22250,neutral
22251,neutral
22252,neutral
22253,neutral
22254,neutral
22255,neutral
22256,neutral
22257,neutral
22258,neutral
22259,neutral
22260,neutral
22261,neutral
22262,neutral
22263,neutral
22264,neutral
22265,neutral
22266,neutral
22267,neutral
22268,neutral
22269,neutral
22270,neutral
22271,neutral
22272,neutral
22273,neutral
22274,neutral
22275,neutral
22276,neutral
22277,neutral
22278,neutral
22279,neutral
22280,neutral
22281,neutral
22282,neutral
22283,neutral
22284,neutral
22285,neutral
22286,neutral
22287,neutral
22288,neutral
22289,neutral
22290,neutral
22291,neutral
22292,neutral
22293,neutral
22294,neutral
22295,neutral
22296,neutral
22297,neutral
22298,neutral
22299,neutral
22300,neutral
22301,neutral
22302,neutral
22303,neutral
22304,neutral
22305,neutral
22306,neutral
22307,neutral
22308,neutral
22309,neutral
22310,neutral
22311,neutral
22312,neutral
22313,neutral
22314,neutral
22315,neutral
22316,neutral
22317,neutral
22318,neutral
22319,neutral
22320,neutral
22321,neutral
22322,neutral
22323,neutral
22324,neutral
22325,neutral
22326,neutral
22327,neutral
22328,neutral
22329,neutral
22330,neutral
22331,neutral
22332,neutral
22333,neutral
22334,neutral
22335,neutral
22336,neutral
22337,neutral
22338,neutral
22339,neutral
22340,neutral
22341,neutral
22342,neutral
22343,neutral
22344,neutral
22345,neutral
22346,neutral
22347,neutral
22348,neutral
22349,neutral
22350,neutral
22351,neutral
22352,neutral
22353,neutral
22354,neutral
22355,neutral
22356,neutral
22357,neutral
22358,neutral
22359,neutral
22360,neutral
22361,neutral
22362,neutral
22363,neutral
22364,neutral
22365,neutral
22366,neutral
22367,neutral
22368,neutral
22369,neutral
22370,neutral
22371,neutral
22372,neutral
22373,neutral
22374,neutral
22375,neutral
22376,neutral
22377,neutral
22378,neutral
22379,neutral
22380,neutral
22381,neutral
22382,neutral
22383,neutral
22384,neutral
22385,neutral
22386,neutral
22387,neutral
22388,neutral
22389,neutral
22390,neutral
22391,neutral
22392,neutral
22393,neutral
22394,neutral
22395,neutral
22396,neutral
22397,neutral
22398,neutral
22399,neutral
22400,neutral
22401,neutral
22402,neutral
22403,neutral
22404,neutral
22405,neutral
22406,neutral
22407,neutral
22408,neutral
22409,neutral
22410,neutral
22411,neutral
22412,neutral
22413,neutral
22414,neutral
22415,neutral
22416,neutral
22417,neutral
22418,neutral
22419,neutral
22420,neutral
22421,neutral
22422,neutral
22423,neutral
22424,neutral
22425,neutral
22426,neutral
22427,neutral
22428,neutral
22429,neutral
22430,neutral
22431,neutral
22432,neutral
22433,neutral
22434,neutral
22435,neutral
22436,neutral
22437,neutral
22438,neutral
22439,neutral
22440,neutral
22441,neutral
22442,neutral
22443,neutral
22444,neutral
22445,neutral
22446,neutral
22447,neutral
22448,neutral
22449,neutral
22450,neutral
22451,neutral
22452,neutral
22453,neutral
22454,neutral
22455,neutral
22456,neutral
22457,neutral
22458,neutral
22459,neutral
22460,neutral
22461,neutral
22462,neutral
22463,neutral
22464,neutral
22465,neutral
22466,neutral
22467,neutral
22468,neutral
22469,neutral
22470,neutral
22471,neutral
22472,neutral
22473,neutral
22474,neutral
22475,neutral
22476,neutral
22477,neutral
22478,neutral
22479,neutral
22480,neutral
22481,neutral
22482,neutral
22483,neutral
22484,neutral
22485,neutral
22486,neutral
22487,neutral
22488,neutral
22489,neutral
22490,neutral
22491,neutral
22492,neutral
22493,neutral
22494,neutral
22495,neutral
22496,neutral
22497,neutral
22498,neutral
22499,neutral
22500,neutral
22501,neutral
22502,neutral
22503,neutral
22504,neutral
22505,neutral
22506,neutral
22507,neutral
22508,neutral
22509,neutral
22510,neutral
22511,neutral
22512,neutral
22513,neutral
22514,neutral
22515,neutral
22516,neutral
22517,neutral
22518,neutral
22519,neutral
22520,neutral
22521,neutral
22522,neutral
22523,neutral
22524,neutral
22525,neutral
22526,neutral
22527,neutral
22528,neutral
22529,neutral
22530,neutral
22531,neutral
22532,neutral
22533,neutral
22534,neutral
22535,neutral
22536,neutral
22537,neutral
22538,neutral
22539,neutral
22540,neutral
22541,neutral
22542,neutral
22543,neutral
22544,neutral
22545,neutral
22546,neutral
22547,neutral
22548,neutral
22549,neutral
22550,neutral
22551,neutral
22552,neutral
22553,neutral
22554,neutral
22555,neutral
22556,neutral
22557,neutral
22558,neutral
22559,neutral
22560,neutral
22561,neutral
22562,neutral
22563,neutral
22564,neutral
22565,neutral
22566,neutral
22567,neutral
22568,neutral
22569,neutral
22570,neutral
22571,neutral
22572,neutral
22573,neutral
22574,neutral
22575,neutral
22576,neutral
22577,neutral
22578,neutral
22579,neutral
22580,neutral
22581,neutral
22582,neutral
22583,neutral
22584,neutral
22585,neutral
22586,neutral
22587,neutral
22588,neutral
22589,neutral
22590,neutral
22591,neutral
22592,neutral
22593,neutral
22594,neutral
22595,neutral
22596,neutral
22597,neutral
22598,neutral
22599,neutral
22600,neutral
22601,neutral
22602,neutral
22603,neutral
22604,neutral
22605,neutral
22606,neutral
22607,neutral
22608,neutral
22609,neutral
22610,neutral
22611,neutral
22612,neutral
22613,neutral
22614,neutral
22615,neutral
22616,neutral
22617,neutral
22618,neutral
22619,neutral
22620,neutral
22621,neutral
22622,neutral
22623,neutral
22624,neutral
22625,neutral
22626,neutral
22627,neutral
22628,neutral
22629,neutral
22630,neutral
22631,neutral
22632,neutral
22633,neutral
22634,neutral
22635,neutral
22636,neutral
22637,neutral
22638,neutral
22639,neutral
22640,neutral
22641,neutral
22642,neutral
22643,neutral
22644,neutral
22645,neutral
22646,neutral
22647,neutral
22648,neutral
22649,neutral
22650,neutral
22651,neutral
22652,neutral
22653,neutral
22654,neutral
22655,neutral
22656,neutral
22657,neutral
22658,neutral
22659,neutral
22660,neutral
22661,neutral
22662,neutral
22663,neutral
22664,neutral
22665,neutral
22666,neutral
22667,neutral
22668,neutral
22669,neutral
22670,neutral
22671,neutral
22672,neutral
22673,neutral
22674,neutral
22675,neutral
22676,neutral
22677,neutral
22678,neutral
22679,neutral
22680,neutral
22681,neutral
22682,neutral
22683,neutral
22684,neutral
22685,neutral
22686,neutral
22687,neutral
22688,neutral
22689,neutral
22690,neutral
22691,neutral
22692,neutral
22693,neutral
22694,neutral
22695,neutral
22696,neutral
22697,neutral
22698,neutral
22699,neutral
22700,neutral
22701,neutral
22702,neutral
22703,neutral
22704,neutral
22705,neutral
22706,neutral
22707,neutral
22708,neutral
22709,neutral
22710,neutral
22711,neutral
22712,neutral
22713,neutral
22714,neutral
22715,neutral
22716,neutral
22717,neutral
22718,neutral
22719,neutral
22720,neutral
22721,neutral
22722,neutral
22723,neutral
22724,neutral
22725,neutral
22726,neutral
22727,neutral
22728,neutral
22729,neutral
22730,neutral
22731,neutral
22732,neutral
22733,neutral
22734,neutral
22735,neutral
22736,neutral
22737,neutral
22738,neutral
22739,neutral
22740,neutral
22741,neutral
22742,neutral
22743,neutral
22744,neutral
22745,neutral
22746,neutral
22747,neutral
22748,neutral
22749,neutral
22750,neutral
22751,neutral
22752,neutral
22753,neutral
22754,neutral
22755,neutral
22756,neutral
22757,neutral
22758,neutral
22759,neutral
22760,neutral
22761,neutral
22762,neutral
22763,neutral
22764,neutral
22765,neutral
22766,neutral
22767,neutral
22768,neutral
22769,neutral
22770,neutral
22771,neutral
22772,neutral
22773,neutral
22774,neutral
22775,neutral
22776,neutral
22777,neutral
22778,neutral
22779,neutral
22780,neutral
22781,neutral
22782,neutral
22783,neutral
22784,neutral
22785,neutral
22786,neutral
22787,neutral
22788,neutral
22789,neutral
22790,neutral
22791,neutral
22792,neutral
22793,neutral
22794,neutral
22795,neutral
22796,neutral
22797,neutral
22798,neutral
22799,neutral
22800,neutral
22801,neutral
22802,neutral
22803,neutral
22804,neutral
22805,neutral
22806,neutral
22807,neutral
22808,neutral
22809,neutral
22810,neutral
22811,neutral
22812,neutral
22813,neutral
22814,neutral
22815,neutral
22816,neutral
22817,neutral
22818,neutral
22819,neutral
22820,neutral
22821,neutral
22822,neutral
22823,neutral
22824,neutral
22825,neutral
22826,neutral
22827,neutral
22828,neutral
22829,neutral
22830,neutral
22831,neutral
22832,neutral
22833,neutral
22834,neutral
22835,neutral
22836,neutral
22837,neutral
22838,neutral
22839,neutral
22840,neutral
22841,neutral
22842,neutral
22843,neutral
22844,neutral
22845,neutral
22846,neutral
22847,neutral
22848,neutral
22849,neutral
22850,neutral
22851,neutral
22852,neutral
22853,neutral
22854,neutral
22855,neutral
22856,neutral
22857,neutral
22858,neutral
22859,neutral
22860,neutral
22861,neutral
22862,neutral
22863,neutral
22864,neutral
22865,neutral
22866,neutral
22867,neutral
22868,neutral
22869,neutral
22870,neutral
22871,neutral
22872,neutral
22873,neutral
22874,neutral
22875,neutral
22876,neutral
22877,neutral
22878,neutral
22879,neutral
22880,neutral
22881,neutral
22882,neutral
22883,neutral
22884,neutral
22885,neutral
22886,neutral
22887,neutral
22888,neutral
22889,neutral
22890,neutral
22891,neutral
22892,neutral
22893,neutral
22894,neutral
22895,neutral
22896,neutral
22897,neutral
22898,neutral
22899,neutral
22900,neutral
22901,neutral
22902,neutral
22903,neutral
22904,neutral
22905,neutral
22906,neutral
22907,neutral
22908,neutral
22909,neutral
22910,neutral
22911,neutral
22912,neutral
22913,neutral
22914,neutral
22915,neutral
22916,neutral
22917,neutral
22918,neutral
22919,neutral
22920,neutral
22921,neutral
22922,neutral
22923,neutral
22924,neutral
22925,neutral
22926,neutral
22927,neutral
22928,neutral
22929,neutral
22930,neutral
22931,neutral
22932,neutral
22933,neutral
22934,neutral
22935,neutral
22936,neutral
22937,neutral
22938,neutral
22939,neutral
22940,neutral
22941,neutral
22942,neutral
22943,neutral
22944,neutral
22945,neutral
22946,neutral
22947,neutral
22948,neutral
22949,neutral
22950,neutral
22951,neutral
22952,neutral
22953,neutral
22954,neutral
22955,neutral
22956,neutral
22957,neutral
22958,neutral
22959,neutral
22960,neutral
22961,neutral
22962,neutral
22963,neutral
22964,neutral
22965,neutral
22966,neutral
22967,neutral
22968,neutral
22969,neutral
22970,neutral
22971,neutral
22972,neutral
22973,neutral
22974,neutral
22975,neutral
22976,neutral
22977,neutral
22978,neutral
22979,neutral
22980,neutral
22981,neutral
22982,neutral
22983,neutral
22984,neutral
22985,neutral
22986,neutral
22987,neutral
22988,neutral
22989,neutral
22990,neutral
22991,neutral
22992,neutral
22993,neutral
22994,neutral
22995,neutral
22996,neutral
22997,neutral
22998,neutral
22999,neutral
23000,neutral
23001,neutral
23002,neutral
23003,neutral
23004,neutral
23005,neutral
23006,neutral
23007,neutral
23008,neutral
23009,neutral
23010,neutral
23011,neutral
23012,neutral
23013,neutral
23014,neutral
23015,neutral
23016,neutral
23017,neutral
23018,neutral
23019,neutral
23020,neutral
23021,neutral
23022,neutral
23023,neutral
23024,neutral
23025,neutral
23026,neutral
23027,neutral
23028,neutral
23029,neutral
23030,neutral
23031,neutral
23032,neutral
23033,neutral
23034,neutral
23035,neutral
23036,neutral
23037,neutral
23038,neutral
23039,neutral
23040,neutral
23041,neutral
23042,neutral
23043,neutral
23044,neutral
23045,neutral
23046,neutral
23047,neutral
23048,neutral
23049,neutral
23050,neutral
23051,neutral
23052,neutral
23053,neutral
23054,neutral
23055,neutral
23056,neutral
23057,neutral
23058,neutral
23059,neutral
23060,neutral
23061,neutral
23062,neutral
23063,neutral
23064,neutral
23065,neutral
23066,neutral
23067,neutral
23068,neutral
23069,neutral
23070,neutral
23071,neutral
23072,neutral
23073,neutral
23074,neutral
23075,neutral
23076,neutral
23077,neutral
23078,neutral
23079,neutral
23080,neutral
23081,neutral
23082,neutral
23083,neutral
23084,neutral
23085,neutral
23086,neutral
23087,neutral
23088,neutral
23089,neutral
23090,neutral
23091,neutral
23092,neutral
23093,neutral
23094,neutral
23095,neutral
23096,neutral
23097,neutral
23098,neutral
23099,neutral
23100,neutral
23101,neutral
23102,neutral
23103,neutral
23104,neutral
23105,neutral
23106,neutral
23107,neutral
23108,neutral
23109,neutral
23110,neutral
23111,neutral
23112,neutral
23113,neutral
23114,neutral
23115,neutral
23116,neutral
23117,neutral
23118,neutral
23119,neutral
23120,neutral
23121,neutral
23122,neutral
23123,neutral
23124,neutral
23125,neutral
23126,neutral
23127,neutral
23128,neutral
23129,neutral
23130,neutral
23131,neutral
23132,neutral
23133,neutral
23134,neutral
23135,neutral
23136,neutral
23137,neutral
23138,neutral
23139,neutral
23140,neutral
23141,neutral
23142,neutral
23143,neutral
23144,neutral
23145,neutral
23146,neutral
23147,neutral
23148,neutral
23149,neutral
23150,neutral
23151,neutral
23152,neutral
23153,neutral
23154,neutral
23155,neutral
23156,neutral
23157,neutral
23158,neutral
23159,neutral
23160,neutral
23161,neutral
23162,neutral
23163,neutral
23164,neutral
23165,neutral
23166,neutral
23167,neutral
23168,neutral
23169,neutral
23170,neutral
23171,neutral
23172,neutral
23173,neutral
23174,neutral
23175,neutral
23176,neutral
23177,neutral
23178,neutral
23179,neutral
23180,neutral
23181,neutral
23182,neutral
23183,neutral
23184,neutral
23185,neutral
23186,neutral
23187,neutral
23188,neutral
23189,neutral
23190,neutral
23191,neutral
23192,neutral
23193,neutral
23194,neutral
23195,neutral
23196,neutral
23197,neutral
23198,neutral
23199,neutral
23200,neutral
23201,neutral
23202,neutral
23203,neutral
23204,neutral
23205,neutral
23206,neutral
23207,neutral
23208,neutral
23209,neutral
23210,neutral
23211,neutral
23212,neutral
23213,neutral
23214,neutral
23215,neutral
23216,neutral
23217,neutral
23218,neutral
23219,neutral
23220,neutral
23221,neutral
23222,neutral
23223,neutral
23224,neutral
23225,neutral
23226,neutral
23227,neutral
23228,neutral
23229,neutral
23230,neutral
23231,neutral
23232,neutral
23233,neutral
23234,neutral
23235,neutral
23236,neutral
23237,neutral
23238,neutral
23239,neutral
23240,neutral
23241,neutral
23242,neutral
23243,neutral
23244,neutral
23245,neutral
23246,neutral
23247,neutral
23248,neutral
23249,neutral
23250,neutral
23251,neutral
23252,neutral
23253,neutral
23254,neutral
23255,neutral
23256,neutral
23257,neutral
23258,neutral
23259,neutral
23260,neutral
23261,neutral
23262,neutral
23263,neutral
23264,neutral
23265,neutral
23266,neutral
23267,neutral
23268,neutral
23269,neutral
23270,neutral
23271,neutral
23272,neutral
23273,neutral
23274,neutral
23275,neutral
23276,neutral
23277,neutral
23278,neutral
23279,neutral
23280,neutral
23281,neutral
23282,neutral
23283,neutral
23284,neutral
23285,neutral
23286,neutral
23287,neutral
23288,neutral
23289,neutral
23290,neutral
23291,neutral
23292,neutral
23293,neutral
23294,neutral
23295,neutral
23296,neutral
23297,neutral
23298,neutral
23299,neutral
23300,neutral
23301,neutral
23302,neutral
23303,neutral
23304,neutral
23305,neutral
23306,neutral
23307,neutral
23308,neutral
23309,neutral
23310,neutral
23311,neutral
23312,neutral
23313,neutral
23314,neutral
23315,neutral
23316,neutral
23317,neutral
23318,neutral
23319,neutral
23320,neutral
23321,neutral
23322,neutral
23323,neutral
23324,neutral
23325,neutral
23326,neutral
23327,neutral
23328,neutral
23329,neutral
23330,neutral
23331,neutral
23332,neutral
23333,neutral
23334,neutral
23335,neutral
23336,neutral
23337,neutral
23338,neutral
23339,neutral
23340,neutral
23341,neutral
23342,neutral
23343,neutral
23344,neutral
23345,neutral
23346,neutral
23347,neutral
23348,neutral
23349,neutral
23350,neutral
23351,neutral
23352,neutral
23353,neutral
23354,neutral
23355,neutral
23356,neutral
23357,neutral
23358,neutral
23359,neutral
23360,neutral
23361,neutral
23362,neutral
23363,neutral
23364,neutral
23365,neutral
23366,neutral
23367,neutral
23368,neutral
23369,neutral
23370,neutral
23371,neutral
23372,neutral
23373,neutral
23374,neutral
23375,neutral
23376,neutral
23377,neutral
23378,neutral
23379,neutral
23380,neutral
23381,neutral
23382,neutral
23383,neutral
23384,neutral
23385,neutral
23386,neutral
23387,neutral
23388,neutral
23389,neutral
23390,neutral
23391,neutral
23392,neutral
23393,neutral
23394,neutral
23395,neutral
23396,neutral
23397,neutral
23398,neutral
23399,neutral
23400,neutral
23401,neutral
23402,neutral
23403,neutral
23404,neutral
23405,neutral
23406,neutral
23407,neutral
23408,neutral
23409,neutral
23410,neutral
23411,neutral
23412,neutral
23413,neutral
23414,neutral
23415,neutral
23416,neutral
23417,neutral
23418,neutral
23419,neutral
23420,neutral
23421,neutral
23422,neutral
23423,neutral
23424,neutral
23425,neutral
23426,neutral
23427,neutral
23428,neutral
23429,neutral
23430,neutral
23431,neutral
23432,neutral
23433,neutral
23434,neutral
23435,neutral
23436,neutral
23437,neutral
23438,neutral
23439,neutral
23440,neutral
23441,neutral
23442,neutral
23443,neutral
23444,neutral
23445,neutral
23446,neutral
23447,neutral
23448,neutral
23449,neutral
23450,neutral
23451,neutral
23452,neutral
23453,neutral
23454,neutral
23455,neutral
23456,neutral
23457,neutral
23458,neutral
23459,neutral
23460,neutral
23461,neutral
23462,neutral
23463,neutral
23464,neutral
23465,neutral
23466,neutral
23467,neutral
23468,neutral
23469,neutral
23470,neutral
23471,neutral
23472,neutral
23473,neutral
23474,neutral
23475,neutral
23476,neutral
23477,neutral
23478,neutral
23479,neutral
23480,neutral
23481,neutral
23482,neutral
23483,neutral
23484,neutral
23485,neutral
23486,neutral
23487,neutral
23488,neutral
23489,neutral
23490,neutral
23491,neutral
23492,neutral
23493,neutral
23494,neutral
23495,neutral
23496,neutral
23497,neutral
23498,neutral
23499,neutral
23500,neutral
23501,neutral
23502,neutral
23503,neutral
23504,neutral
23505,neutral
23506,neutral
23507,neutral
23508,neutral
23509,neutral
23510,neutral
23511,neutral
23512,neutral
23513,neutral
23514,neutral
23515,neutral
23516,neutral
23517,neutral
23518,neutral
23519,neutral
23520,neutral
23521,neutral
23522,neutral
23523,neutral
23524,neutral
23525,neutral
23526,neutral
23527,neutral
23528,neutral
23529,neutral
23530,neutral
23531,neutral
23532,neutral
23533,neutral
23534,neutral
23535,neutral
23536,neutral
23537,neutral
23538,neutral
23539,neutral
23540,neutral
23541,neutral
23542,neutral
23543,neutral
23544,neutral
23545,neutral
23546,neutral
23547,neutral
23548,neutral
23549,neutral
23550,neutral
23551,neutral
23552,neutral
23553,neutral
23554,neutral
23555,neutral
23556,neutral
23557,neutral
23558,neutral
23559,neutral
23560,neutral
23561,neutral
23562,neutral
23563,neutral
23564,neutral
23565,neutral
23566,neutral
23567,neutral
23568,neutral
23569,neutral
23570,neutral
23571,neutral
23572,neutral
23573,neutral
23574,neutral
23575,neutral
23576,neutral
23577,neutral
23578,neutral
23579,neutral
23580,neutral
23581,neutral
23582,neutral
23583,neutral
23584,neutral
23585,neutral
23586,neutral
23587,neutral
23588,neutral
23589,neutral
23590,neutral
23591,neutral
23592,neutral
23593,neutral
23594,neutral
23595,neutral
23596,neutral
23597,neutral
23598,neutral
23599,neutral
23600,neutral
23601,neutral
23602,neutral
23603,neutral
23604,neutral
23605,neutral
23606,neutral
23607,neutral
23608,neutral
23609,neutral
23610,neutral
23611,neutral
23612,neutral
23613,neutral
23614,neutral
23615,neutral
23616,neutral
23617,neutral
23618,neutral
23619,neutral
23620,neutral
23621,neutral
23622,neutral
23623,neutral
23624,neutral
23625,neutral
23626,neutral
23627,neutral
23628,neutral
23629,neutral
23630,neutral
23631,neutral
23632,neutral
23633,neutral
23634,neutral
23635,neutral
23636,neutral
23637,neutral
23638,neutral
23639,neutral
23640,neutral
23641,neutral
23642,neutral
23643,neutral
23644,neutral
23645,neutral
23646,neutral
23647,neutral
23648,neutral
23649,neutral
23650,neutral
23651,neutral
23652,neutral
23653,neutral
23654,neutral
23655,neutral
23656,neutral
23657,neutral
23658,neutral
23659,neutral
23660,neutral
23661,neutral
23662,neutral
23663,neutral
23664,neutral
23665,neutral
23666,neutral
23667,neutral
23668,neutral
23669,neutral
23670,neutral
23671,neutral
23672,neutral
23673,neutral
23674,neutral
23675,neutral
23676,neutral
23677,neutral
23678,neutral
23679,neutral
23680,neutral
23681,neutral
23682,neutral
23683,neutral
23684,neutral
23685,neutral
23686,neutral
23687,neutral
23688,neutral
23689,neutral
23690,neutral
23691,neutral
23692,neutral
23693,neutral
23694,neutral
23695,neutral
23696,neutral
23697,neutral
23698,neutral
23699,neutral
23700,neutral
23701,neutral
23702,neutral
23703,neutral
23704,neutral
23705,neutral
23706,neutral
23707,neutral
23708,neutral
23709,neutral
23710,neutral
23711,neutral
23712,neutral
23713,neutral
23714,neutral
23715,neutral
23716,neutral
23717,neutral
23718,neutral
23719,neutral
23720,neutral
23721,neutral
23722,neutral
23723,neutral
23724,neutral
23725,neutral
23726,neutral
23727,neutral
23728,neutral
23729,neutral
23730,neutral
23731,neutral
23732,neutral
23733,neutral
23734,neutral
23735,neutral
23736,neutral
23737,neutral
23738,neutral
23739,neutral
23740,neutral
23741,neutral
23742,neutral
23743,neutral
23744,neutral
23745,neutral
23746,neutral
23747,neutral
23748,neutral
23749,neutral
23750,neutral
23751,neutral
23752,neutral
23753,neutral
23754,neutral
23755,neutral
23756,neutral
23757,neutral
23758,neutral
23759,neutral
23760,neutral
23761,neutral
23762,neutral
23763,neutral
23764,neutral
23765,neutral
23766,neutral
23767,neutral
23768,neutral
23769,neutral
23770,neutral
23771,neutral
23772,neutral
23773,neutral
23774,neutral
23775,neutral
23776,neutral
23777,neutral
23778,neutral
23779,neutral
23780,neutral
23781,neutral
23782,neutral
23783,neutral
23784,neutral
23785,neutral
23786,neutral
23787,neutral
23788,neutral
23789,neutral
23790,neutral
23791,neutral
23792,neutral
23793,neutral
23794,neutral
23795,neutral
23796,neutral
23797,neutral
23798,neutral
23799,neutral
23800,neutral
23801,neutral
23802,neutral
23803,neutral
23804,neutral
23805,neutral
23806,neutral
23807,neutral
23808,neutral
23809,neutral
23810,neutral
23811,neutral
23812,neutral
23813,neutral
23814,neutral
23815,neutral
23816,neutral
23817,neutral
23818,neutral
23819,neutral
23820,neutral
23821,neutral
23822,neutral
23823,neutral
23824,neutral
23825,neutral
23826,neutral
23827,neutral
23828,neutral
23829,neutral
23830,neutral
23831,neutral
23832,neutral
23833,neutral
23834,neutral
23835,neutral
23836,neutral
23837,neutral
23838,neutral
23839,neutral
23840,neutral
23841,neutral
23842,neutral
23843,neutral
23844,neutral
23845,neutral
23846,neutral
23847,neutral
23848,neutral
23849,neutral
23850,neutral
23851,neutral
23852,neutral
23853,neutral
23854,neutral
23855,neutral
23856,neutral
23857,neutral
23858,neutral
23859,neutral
23860,neutral
23861,neutral
23862,neutral
23863,neutral
23864,neutral
23865,neutral
23866,neutral
23867,neutral
23868,neutral
23869,neutral
23870,neutral
23871,neutral
23872,neutral
23873,neutral
23874,neutral
23875,neutral
23876,neutral
23877,neutral
23878,neutral
23879,neutral
23880,neutral
23881,neutral
23882,neutral
23883,neutral
23884,neutral
23885,neutral
23886,neutral
23887,neutral
23888,neutral
23889,neutral
23890,neutral
23891,neutral
23892,neutral
23893,neutral
23894,neutral
23895,neutral
23896,neutral
23897,neutral
23898,neutral
23899,neutral
23900,neutral
23901,neutral
23902,neutral
23903,neutral
23904,neutral
23905,neutral
23906,neutral
23907,neutral
23908,neutral
23909,neutral
23910,neutral
23911,neutral
23912,neutral
23913,neutral
23914,neutral
23915,neutral
23916,neutral
23917,neutral
23918,neutral
23919,neutral
23920,neutral
23921,neutral
23922,neutral
23923,neutral
23924,neutral
23925,neutral
23926,neutral
23927,neutral
23928,neutral
23929,neutral
23930,neutral
23931,neutral
23932,neutral
23933,neutral
23934,neutral
23935,neutral
23936,neutral
23937,neutral
23938,neutral
23939,neutral
23940,neutral
23941,neutral
23942,neutral
23943,neutral
23944,neutral
23945,neutral
23946,neutral
23947,neutral
23948,neutral
23949,neutral
23950,neutral
23951,neutral
23952,neutral
23953,neutral
23954,neutral
23955,neutral
23956,neutral
23957,neutral
23958,neutral
23959,neutral
23960,neutral
23961,neutral
23962,neutral
23963,neutral
23964,neutral
23965,neutral
23966,neutral
23967,neutral
23968,neutral
23969,neutral
23970,neutral
23971,neutral
23972,neutral
23973,neutral
23974,neutral
23975,neutral
23976,neutral
23977,neutral
23978,neutral
23979,neutral
23980,neutral
23981,neutral
23982,neutral
23983,neutral
23984,neutral
23985,neutral
23986,neutral
23987,neutral
23988,neutral
23989,neutral
23990,neutral
23991,neutral
23992,neutral
23993,neutral
23994,neutral
23995,neutral
23996,neutral
23997,neutral
23998,neutral
23999,neutral
24000,neutral
24001,neutral
24002,neutral
24003,neutral
24004,neutral
24005,neutral
24006,neutral
24007,neutral
24008,neutral
24009,neutral
24010,neutral
24011,neutral
24012,neutral
24013,neutral
24014,neutral
24015,neutral
24016,neutral
24017,neutral
24018,neutral
24019,neutral
24020,neutral
24021,neutral
24022,neutral
24023,neutral
24024,neutral
24025,neutral
24026,neutral
24027,neutral
24028,neutral
24029,neutral
24030,neutral
24031,neutral
24032,neutral
24033,neutral
24034,neutral
24035,neutral
24036,neutral
24037,neutral
24038,neutral
24039,neutral
24040,neutral
24041,neutral
24042,neutral
24043,neutral
24044,neutral
24045,neutral
24046,neutral
24047,neutral
24048,neutral
24049,neutral
24050,neutral
24051,neutral
24052,neutral
24053,neutral
24054,neutral
24055,neutral
24056,neutral
24057,neutral
24058,neutral
24059,neutral
24060,neutral
24061,neutral
24062,neutral
24063,neutral
24064,neutral
24065,neutral
24066,neutral
24067,neutral
24068,neutral
24069,neutral
24070,neutral
24071,neutral
24072,neutral
24073,neutral
24074,neutral
24075,neutral
24076,neutral
24077,neutral
24078,neutral
24079,neutral
24080,neutral
24081,neutral
24082,neutral
24083,neutral
24084,neutral
24085,neutral
24086,neutral
24087,neutral
24088,neutral
24089,neutral
24090,neutral
24091,neutral
24092,neutral
24093,neutral
24094,neutral
24095,neutral
24096,neutral
24097,neutral
24098,neutral
24099,neutral
24100,neutral
24101,neutral
24102,neutral
24103,neutral
24104,neutral
24105,neutral
24106,neutral
24107,neutral
24108,neutral
24109,neutral
24110,neutral
24111,neutral
24112,neutral
24113,neutral
24114,neutral
24115,neutral
24116,neutral
24117,neutral
24118,neutral
24119,neutral
24120,neutral
24121,neutral
24122,neutral
24123,neutral
24124,neutral
24125,neutral
24126,neutral
24127,neutral
24128,neutral
24129,neutral
24130,neutral
24131,neutral
24132,neutral
24133,neutral
24134,neutral
24135,neutral
24136,neutral
24137,neutral
24138,neutral
24139,neutral
24140,neutral
24141,neutral
24142,neutral
24143,neutral
24144,neutral
24145,neutral
24146,neutral
24147,neutral
24148,neutral
24149,neutral
24150,neutral
24151,neutral
24152,neutral
24153,neutral
24154,neutral
24155,neutral
24156,neutral
24157,neutral
24158,neutral
24159,neutral
24160,neutral
24161,neutral
24162,neutral
24163,neutral
24164,neutral
24165,neutral
24166,neutral
24167,neutral
24168,neutral
24169,neutral
24170,neutral
24171,neutral
24172,neutral
24173,neutral
24174,neutral
24175,neutral
24176,neutral
24177,neutral
24178,neutral
24179,neutral
24180,neutral
24181,neutral
24182,neutral
24183,neutral
24184,neutral
24185,neutral
24186,neutral
24187,neutral
24188,neutral
24189,neutral
24190,neutral
24191,neutral
24192,neutral
24193,neutral
24194,neutral
24195,neutral
24196,neutral
24197,neutral
24198,neutral
24199,neutral
24200,neutral
24201,neutral
24202,neutral
24203,neutral
24204,neutral
24205,neutral
24206,neutral
24207,neutral
24208,neutral
24209,neutral
24210,neutral
24211,neutral
24212,neutral
24213,neutral
24214,neutral
24215,neutral
24216,neutral
24217,neutral
24218,neutral
24219,neutral
24220,neutral
24221,neutral
24222,neutral
24223,neutral
24224,neutral
24225,neutral
24226,neutral
24227,neutral
24228,neutral
24229,neutral
24230,neutral
24231,neutral
24232,neutral
24233,neutral
24234,neutral
24235,neutral
24236,neutral
24237,neutral
24238,neutral
24239,neutral
24240,neutral
24241,neutral
24242,neutral
24243,neutral
24244,neutral
24245,neutral
24246,neutral
24247,neutral
24248,neutral
24249,neutral
24250,neutral
24251,neutral
24252,neutral
24253,neutral
24254,neutral
24255,neutral
24256,neutral
24257,neutral
24258,neutral
24259,neutral
24260,neutral
24261,neutral
24262,neutral
24263,neutral
24264,neutral
24265,neutral
24266,neutral
24267,neutral
24268,neutral
24269,neutral
24270,neutral
24271,neutral
24272,neutral
24273,neutral
24274,neutral
24275,neutral
24276,neutral
24277,neutral
24278,neutral
24279,neutral
24280,neutral
24281,neutral
24282,neutral
24283,neutral
24284,neutral
24285,neutral
24286,neutral
24287,neutral
24288,neutral
24289,neutral
24290,neutral
24291,neutral
24292,neutral
24293,neutral
24294,neutral
24295,neutral
24296,neutral
24297,neutral
24298,neutral
24299,neutral
24300,neutral
24301,neutral
24302,neutral
24303,neutral
24304,neutral
24305,neutral
24306,neutral
24307,neutral
24308,neutral
24309,neutral
24310,neutral
24311,neutral
24312,neutral
24313,neutral
24314,neutral
24315,neutral
24316,neutral
24317,neutral
24318,neutral
24319,neutral
24320,neutral
24321,neutral
24322,neutral
24323,neutral
24324,neutral
24325,neutral
24326,neutral
24327,neutral
24328,neutral
24329,neutral
24330,neutral
24331,neutral
24332,neutral
24333,neutral
24334,neutral
24335,neutral
24336,neutral
24337,neutral
24338,neutral
24339,neutral
24340,neutral
24341,neutral
24342,neutral
24343,neutral
24344,neutral
24345,neutral
24346,neutral
24347,neutral
24348,neutral
24349,neutral
24350,neutral
24351,neutral
24352,neutral
24353,neutral
24354,neutral
24355,neutral
24356,neutral
24357,neutral
24358,neutral
24359,neutral
24360,neutral
24361,neutral
24362,neutral
24363,neutral
24364,neutral
24365,neutral
24366,neutral
24367,neutral
24368,neutral
24369,neutral
24370,neutral
24371,neutral
24372,neutral
24373,neutral
24374,neutral
24375,neutral
24376,neutral
24377,neutral
24378,neutral
24379,neutral
24380,neutral
24381,neutral
24382,neutral
24383,neutral
24384,neutral
24385,neutral
24386,neutral
24387,neutral
24388,neutral
24389,neutral
24390,neutral
24391,neutral
24392,neutral
24393,neutral
24394,neutral
24395,neutral
24396,neutral
24397,neutral
24398,neutral
24399,neutral
24400,neutral
24401,neutral
24402,neutral
24403,neutral
24404,neutral
24405,neutral
24406,neutral
24407,neutral
24408,neutral
24409,neutral
24410,neutral
24411,neutral
24412,neutral
24413,neutral
24414,neutral
24415,neutral
24416,neutral
24417,neutral
24418,neutral
24419,neutral
24420,neutral
24421,neutral
24422,neutral
24423,neutral
24424,neutral
24425,neutral
24426,neutral
24427,neutral
24428,neutral
24429,neutral
24430,neutral
24431,neutral
24432,neutral
24433,neutral
24434,neutral
24435,neutral
24436,neutral
24437,neutral
24438,neutral
24439,neutral
24440,neutral
24441,neutral
24442,neutral
24443,neutral
24444,neutral
24445,neutral
24446,neutral
24447,neutral
24448,neutral
24449,neutral
24450,neutral
24451,neutral
24452,neutral
24453,neutral
24454,neutral
24455,neutral
24456,neutral
24457,neutral
24458,neutral
24459,neutral
24460,neutral
24461,neutral
24462,neutral
24463,neutral
24464,neutral
24465,neutral
24466,neutral
24467,neutral
24468,neutral
24469,neutral
24470,neutral
24471,neutral
24472,neutral
24473,neutral
24474,neutral
24475,neutral
24476,neutral
24477,neutral
24478,neutral
24479,neutral
24480,neutral
24481,neutral
24482,neutral
24483,neutral
24484,neutral
24485,neutral
24486,neutral
24487,neutral
24488,neutral
24489,neutral
24490,neutral
24491,neutral
24492,neutral
24493,neutral
24494,neutral
24495,neutral
24496,neutral
24497,neutral
24498,neutral
24499,neutral
24500,neutral
24501,neutral
24502,neutral
24503,neutral
24504,neutral
24505,neutral
24506,neutral
24507,neutral
24508,neutral
24509,neutral
24510,neutral
24511,neutral
24512,neutral
24513,neutral
24514,neutral
24515,neutral
24516,neutral
24517,neutral
24518,neutral
24519,neutral
24520,neutral
24521,neutral
24522,neutral
24523,neutral
24524,neutral
24525,neutral
24526,neutral
24527,neutral
24528,neutral
24529,neutral
24530,neutral
24531,neutral
24532,neutral
24533,neutral
24534,neutral
24535,neutral
24536,neutral
24537,neutral
24538,neutral
24539,neutral
24540,neutral
24541,neutral
24542,neutral
24543,neutral
24544,neutral
24545,neutral
24546,neutral
24547,neutral
24548,neutral
24549,neutral
24550,neutral
24551,neutral
24552,neutral
24553,neutral
24554,neutral
24555,neutral
24556,neutral
24557,neutral
24558,neutral
24559,neutral
24560,neutral
24561,neutral
24562,neutral
24563,neutral
24564,neutral
24565,neutral
24566,neutral
24567,neutral
24568,neutral
24569,neutral
24570,neutral
24571,neutral
24572,neutral
24573,neutral
24574,neutral
24575,neutral
24576,neutral
24577,neutral
24578,neutral
24579,neutral
24580,neutral
24581,neutral
24582,neutral
24583,neutral
24584,neutral
24585,neutral
24586,neutral
24587,neutral
24588,neutral
24589,neutral
24590,neutral
24591,neutral
24592,neutral
24593,neutral
24594,neutral
24595,neutral
24596,neutral
24597,neutral
24598,neutral
24599,neutral
24600,neutral
24601,neutral
24602,neutral
24603,neutral
24604,neutral
24605,neutral
24606,neutral
24607,neutral
24608,neutral
24609,neutral
24610,neutral
24611,neutral
24612,neutral
24613,neutral
24614,neutral
24615,neutral
24616,neutral
24617,neutral
24618,neutral
24619,neutral
24620,neutral
24621,neutral
24622,neutral
24623,neutral
24624,neutral
24625,neutral
24626,neutral
24627,neutral
24628,neutral
24629,neutral
24630,neutral
24631,neutral
24632,neutral
24633,neutral
24634,neutral
24635,neutral
24636,neutral
24637,neutral
24638,neutral
24639,neutral
24640,neutral
24641,neutral
24642,neutral
24643,neutral
24644,neutral
24645,neutral
24646,neutral
24647,neutral
24648,neutral
24649,neutral
24650,neutral
24651,neutral
24652,neutral
24653,neutral
24654,neutral
24655,neutral
24656,neutral
24657,neutral
24658,neutral
24659,neutral
24660,neutral
24661,neutral
24662,neutral
24663,neutral
24664,neutral
24665,neutral
24666,neutral
24667,neutral
24668,neutral
24669,neutral
24670,neutral
24671,neutral
24672,neutral
24673,neutral
24674,neutral
24675,neutral
24676,neutral
24677,neutral
24678,neutral
24679,neutral
24680,neutral
24681,neutral
24682,neutral
24683,neutral
24684,neutral
24685,neutral
24686,neutral
24687,neutral
24688,neutral
24689,neutral
24690,neutral
24691,neutral
24692,neutral
24693,neutral
24694,neutral
24695,neutral
24696,neutral
24697,neutral
24698,neutral
24699,neutral
24700,neutral
24701,neutral
24702,neutral
24703,neutral
24704,neutral
24705,neutral
24706,neutral
24707,neutral
24708,neutral
24709,neutral
24710,neutral
24711,neutral
24712,neutral
24713,neutral
24714,neutral
24715,neutral
24716,neutral
24717,neutral
24718,neutral
24719,neutral
24720,neutral
24721,neutral
24722,neutral
24723,neutral
24724,neutral
24725,neutral
24726,neutral
24727,neutral
24728,neutral
24729,neutral
24730,neutral
24731,neutral
24732,neutral
24733,neutral
24734,neutral
24735,neutral
24736,neutral
24737,neutral
24738,neutral
24739,neutral
24740,neutral
24741,neutral
24742,neutral
24743,neutral
24744,neutral
24745,neutral
24746,neutral
24747,neutral
24748,neutral
24749,neutral
24750,neutral
24751,neutral
24752,neutral
24753,neutral
24754,neutral
24755,neutral
24756,neutral
24757,neutral
24758,neutral
24759,neutral
24760,neutral
24761,neutral
24762,neutral
24763,neutral
24764,neutral
24765,neutral
24766,neutral
24767,neutral
24768,neutral
24769,neutral
24770,neutral
24771,neutral
24772,neutral
24773,neutral
24774,neutral
24775,neutral
24776,neutral
24777,neutral
24778,neutral
24779,neutral
24780,neutral
24781,neutral
24782,neutral
24783,neutral
24784,neutral
24785,neutral
24786,neutral
24787,neutral
24788,neutral
24789,neutral
24790,neutral
24791,neutral
24792,neutral
24793,neutral
24794,neutral
24795,neutral
24796,neutral
24797,neutral
24798,neutral
24799,neutral
24800,neutral
24801,neutral
24802,neutral
24803,neutral
24804,neutral
24805,neutral
24806,neutral
24807,neutral
24808,neutral
24809,neutral
24810,neutral
24811,neutral
24812,neutral
24813,neutral
24814,neutral
24815,neutral
24816,neutral
24817,neutral
24818,neutral
24819,neutral
24820,neutral
24821,neutral
24822,neutral
24823,neutral
24824,neutral
24825,neutral
24826,neutral
24827,neutral
24828,neutral
24829,neutral
24830,neutral
24831,neutral
24832,neutral
24833,neutral
24834,neutral
24835,neutral
24836,neutral
24837,neutral
24838,neutral
24839,neutral
24840,neutral
24841,neutral
24842,neutral
24843,neutral
24844,neutral
24845,neutral
24846,neutral
24847,neutral
24848,neutral
24849,neutral
24850,neutral
24851,neutral
24852,neutral
24853,neutral
24854,neutral
24855,neutral
24856,neutral
24857,neutral
24858,neutral
24859,neutral
24860,neutral
24861,neutral
24862,neutral
24863,neutral
24864,neutral
24865,neutral
24866,neutral
24867,neutral
24868,neutral
24869,neutral
24870,neutral
24871,neutral
24872,neutral
24873,neutral
24874,neutral
24875,neutral
24876,neutral
24877,neutral
24878,neutral
24879,neutral
24880,neutral
24881,neutral
24882,neutral
24883,neutral
24884,neutral
24885,neutral
24886,neutral
24887,neutral
24888,neutral
24889,neutral
24890,neutral
24891,neutral
24892,neutral
24893,neutral
24894,neutral
24895,neutral
24896,neutral
24897,neutral
24898,neutral
24899,neutral
24900,neutral
24901,neutral
24902,neutral
24903,neutral
24904,neutral
24905,neutral
24906,neutral
24907,neutral
24908,neutral
24909,neutral
24910,neutral
24911,neutral
24912,neutral
24913,neutral
24914,neutral
24915,neutral
24916,neutral
24917,neutral
24918,neutral
24919,neutral
24920,neutral
24921,neutral
24922,neutral
24923,neutral
24924,neutral
24925,neutral
24926,neutral
24927,neutral
24928,neutral
24929,neutral
24930,neutral
24931,neutral
24932,neutral
24933,neutral
24934,neutral
24935,neutral
24936,neutral
24937,neutral
24938,neutral
24939,neutral
24940,neutral
24941,neutral
24942,neutral
24943,neutral
24944,neutral
24945,neutral
24946,neutral
24947,neutral
24948,neutral
24949,neutral
24950,neutral
24951,neutral
24952,neutral
24953,neutral
24954,neutral
24955,neutral
24956,neutral
24957,neutral
24958,neutral
24959,neutral
24960,neutral
24961,neutral
24962,neutral
24963,neutral
24964,neutral
24965,neutral
24966,neutral
24967,neutral
24968,neutral
24969,neutral
24970,neutral
24971,neutral
24972,neutral
24973,neutral
24974,neutral
24975,neutral
24976,neutral
24977,neutral
24978,neutral
24979,neutral
24980,neutral
24981,neutral
24982,neutral
24983,neutral
24984,neutral
24985,neutral
24986,neutral
24987,neutral
24988,neutral
24989,neutral
24990,neutral
24991,neutral
24992,neutral
24993,neutral
24994,neutral
24995,neutral
24996,neutral
24997,neutral
24998,neutral
24999,neutral
